nome_da_maquininha;código da maquininha;grupo;débito;pré-pago débito;crédito;pré-pago crédito;taxa_credito_parcelado_2;taxa_credito_parcelado_3;taxa_credito_parcelado_4;taxa_credito_parcelado_5;taxa_credito_parcelado_6;taxa_credito_parcelado_7;taxa_credito_parcelado_8;taxa_credito_parcelado_9;taxa_credito_parcelado_10;taxa_credito_parcelado_11;taxa_credito_parcelado_12
UAG 08;11244065;cxd (bras);;;;;;;;;;;;;;;
UAC 15;423305;cxd (bras);;;;;;;;;;;;;;;
JEC 10;397500;cxd (bras);;;;;;;;;;;;;;;
DSC 04;1670459;cxd (bras);;;;;;;;;;;;;;;
MFC 07;1280891;cxd (bras);;;;;;;;;;;;;;;
HNR 06;SN149744;cxd (bras);;;;;;;;;;;;;;;
SZG 03;14472297;cxd (bras);;;;;;;;;;;;;;;
FTR 04 - DEV;SN680547;devolvida;;;;;;;;;;;;;;;
POG 04;13496424;devolvida;;;;;;;;;;;;;;;
POG 05;13409608;devolvida;;;;;;;;;;;;;;;
GSG 04;13987615;devolvida;;;;;;;;;;;;;;;
ENG 06;14444728;devolvida;;;;;;;;;;;;;;;
TFR 04;SN059261;devolvida;;;;;;;;;;;;;;;
PLR 01;SN105280;devolvido;;;;;;;;;;;;;;;
PLR 04;SN585661;devolvido;;;;;;;;;;;;;;;
CMR 19;FC185373;donachen;;;;;;;;;;;;;;;
PLX 01;APT29D8D;donachen;;;;;;;;;;;;;;;
ENX 01;APT2A928;donachen;;;;;;;;;;;;;;;
MAG 06;14831884;donachen2;0.03;0.03;0.06;0.06;0.07;0.08;0.09;0.09;0.09;0.11;0.12;0.13;0.13;0.14;0.14
AZG 07;12114335;esp.jing;;;;;;;;;;;;;;;
MP 05;1071628;estoque;;;;;;;;;;;;;;;
TFG 02(ret);11956444;estoque;;;;;;;;;;;;;;;
TFG 03;11956456;estoque;;;;;;;;;;;;;;;
TFG 04;11956445;estoque;;;;;;;;;;;;;;;
TFG 05;11956465;estoque;;;;;;;;;;;;;;;
ALG 06;12742280;estoque;;;;;;;;;;;;;;;
SVG 10;12742761;estoque;;;;;;;;;;;;;;;
FZG 02;12774876;estoque;;;;;;;;;;;;;;;
FZG 05;12774874;estoque;;;;;;;;;;;;;;;
PLC 01;152062;estoque;;;;;;;;;;;;;;;
PLC 02;152384;estoque;;;;;;;;;;;;;;;
STC 01;1540049;estoque;;;;;;;;;;;;;;;
STC 02;1540416;estoque;;;;;;;;;;;;;;;
RNC 01;1738197;estoque;;;;;;;;;;;;;;;
RNC 02;1738178;estoque;;;;;;;;;;;;;;;
RNC 05;267881;estoque;;;;;;;;;;;;;;;
RNC 06;292141;estoque;;;;;;;;;;;;;;;
RNC 07;281015;estoque;;;;;;;;;;;;;;;
RNC 09;279762;estoque;;;;;;;;;;;;;;;
MFR 01-dev;SN942221;estoque;;;;;;;;;;;;;;;
CMR 103;SN021011;estoque;;;;;;;;;;;;;;;
WFG 01;13491619;estoque;;;;;;;;;;;;;;;
TFG 05;JA8400500794;estoque;;;;;;;;;;;;;;;
NWR 01;SN837659;estoque;;;;;;;;;;;;;;;
NWR 02;SN440084;estoque;;;;;;;;;;;;;;;
PHX;PGWPIR60;estoque;;;;;;;;;;;;;;;
PHC 01;111735;estoque;;;;;;;;;;;;;;;
CMR 14;FC284417;figueirinha;0.035;0.035;0.055;0.08;0.08;0.11;0.11;0.11;0.11;0.11;0.11;0.15;0.15;0.15;0.15
CMR 33;FC265015;figueirinha;0.035;0.035;0.055;0.08;0.08;0.11;0.11;0.11;0.11;0.11;0.11;0.15;0.15;0.15;0.15
FZG 03;12774998;figueirinha;0.035;0.035;0.055;0.08;0.08;0.11;0.11;0.11;0.11;0.11;0.11;0.15;0.15;0.15;0.15
CMR 111;SN098646;figueirinha;0.035;0.035;0.055;0.08;0.08;0.11;0.11;0.11;0.11;0.11;0.11;0.15;0.15;0.15;0.15
TFG 04;13843991;figueirinha;0.035;0.035;0.055;0.08;0.08;0.11;0.11;0.11;0.11;0.11;0.11;0.15;0.15;0.15;0.15
CMR 437;SN903936;figueirinha;0.035;0.035;0.055;0.08;0.08;0.11;0.11;0.11;0.11;0.11;0.11;0.15;0.15;0.15;0.15
CMR 439;SN519680;figueirinha;0.035;0.035;0.055;0.08;0.08;0.11;0.11;0.11;0.11;0.11;0.11;0.15;0.15;0.15;0.15
CMR 442;SN589367;fortaleza;0.045;0.045;0.065;0.065;0.09;0.09;0.12;0.12;0.12;0.15;0.15;0.15;0.18;0.18;0.18
EDC 10;1368894;fortaleza;0.045;0.045;0.065;0.065;0.09;0.09;0.12;0.12;0.12;0.15;0.15;0.15;0.18;0.18;0.18
CLG 03;13724067;fortaleza;0.045;0.045;0.065;0.065;0.09;0.09;0.12;0.12;0.12;0.15;0.15;0.15;0.18;0.18;0.18
CLG 04;13718689;fortaleza;0.045;0.045;0.065;0.065;0.09;0.09;0.12;0.12;0.12;0.15;0.15;0.15;0.18;0.18;0.18
DYG 05;13718800;fortaleza;0.045;0.045;0.065;0.065;0.09;0.09;0.12;0.12;0.12;0.15;0.15;0.15;0.18;0.18;0.18
CMR 101;SN313964;fortaleza;0.045;0.045;0.065;0.065;0.09;0.09;0.12;0.12;0.12;0.15;0.15;0.15;0.18;0.18;0.18
HNR 05;SN778696;fortaleza;0.045;0.045;0.065;0.065;0.09;0.09;0.12;0.12;0.12;0.15;0.15;0.15;0.18;0.18;0.18
BLG 02;13960849;fortaleza;0.045;0.045;0.065;0.065;0.09;0.09;0.12;0.12;0.12;0.15;0.15;0.15;0.18;0.18;0.18
CLR 01;SN693432;fortaleza;0.045;0.045;0.065;0.065;0.09;0.09;0.12;0.12;0.12;0.15;0.15;0.15;0.18;0.18;0.18
CLR 05;SN720821;fortaleza;0.045;0.045;0.065;0.065;0.09;0.09;0.12;0.12;0.12;0.15;0.15;0.15;0.18;0.18;0.18
CMR 107;SN762401;fortaleza;0.045;0.045;0.065;0.065;0.09;0.09;0.12;0.12;0.12;0.15;0.15;0.15;0.18;0.18;0.18
PSG 03;14372527;fortaleza;0.045;0.045;0.065;0.065;0.09;0.09;0.12;0.12;0.12;0.15;0.15;0.15;0.18;0.18;0.18
CJR 01;SD070522;fortaleza;0.045;0.045;0.065;0.065;0.09;0.09;0.12;0.12;0.12;0.15;0.15;0.15;0.18;0.18;0.18
CJR 02;SD153275;fortaleza;0.045;0.045;0.065;0.065;0.09;0.09;0.12;0.12;0.12;0.15;0.15;0.15;0.18;0.18;0.18
UAR 01;FC290878;grupo 2 DF;0.045;0.045;0.06;0.06;0.09;0.09;0.09;0.10;0.10;0.10;0.10;0.10;0.13;0.13;0.13
UAR 02;FC921558;grupo 2 DF;0.045;0.045;0.06;0.06;0.09;0.09;0.09;0.10;0.10;0.10;0.10;0.10;0.13;0.13;0.13
UAR 03;FC014863;grupo 2 DF;0.045;0.045;0.06;0.06;0.09;0.09;0.09;0.10;0.10;0.10;0.10;0.10;0.13;0.13;0.13
UAR 04;FC298274;grupo 2 DF;0.045;0.045;0.06;0.06;0.09;0.09;0.09;0.10;0.10;0.10;0.10;0.10;0.13;0.13;0.13
UAR 05;FC164315;grupo 2 DF;0.045;0.045;0.06;0.06;0.09;0.09;0.09;0.10;0.10;0.10;0.10;0.10;0.13;0.13;0.13
UAR 06;FC237457;grupo 2 DF;0.045;0.045;0.06;0.06;0.09;0.09;0.09;0.10;0.10;0.10;0.10;0.10;0.13;0.13;0.13
UAR 07;FC926941;grupo 2 DF;0.045;0.045;0.06;0.06;0.09;0.09;0.09;0.10;0.10;0.10;0.10;0.10;0.13;0.13;0.13
UAR 09;FC005834;grupo 2 DF;0.045;0.045;0.06;0.06;0.09;0.09;0.09;0.10;0.10;0.10;0.10;0.10;0.13;0.13;0.13
UAR 10;FC142234;grupo 2 DF;0.045;0.045;0.06;0.06;0.09;0.09;0.09;0.10;0.10;0.10;0.10;0.10;0.13;0.13;0.13
UAR 11;FC119505;grupo 2 DF;0.045;0.045;0.06;0.06;0.09;0.09;0.09;0.10;0.10;0.10;0.10;0.10;0.13;0.13;0.13
UAR 12;FC926882;grupo 2 DF;0.045;0.045;0.06;0.06;0.09;0.09;0.09;0.10;0.10;0.10;0.10;0.10;0.13;0.13;0.13
UAR 14;FC884592;grupo 2 DF;0.045;0.045;0.06;0.06;0.09;0.09;0.09;0.10;0.10;0.10;0.10;0.10;0.13;0.13;0.13
UAR 15;FC225347;grupo 2 DF;0.045;0.045;0.06;0.06;0.09;0.09;0.09;0.10;0.10;0.10;0.10;0.10;0.13;0.13;0.13
UAR 17;FC193686;grupo 2 DF;0.045;0.045;0.06;0.06;0.09;0.09;0.09;0.10;0.10;0.10;0.10;0.10;0.13;0.13;0.13
UAR 18;FC147030;grupo 2 DF;0.045;0.045;0.06;0.06;0.09;0.09;0.09;0.10;0.10;0.10;0.10;0.10;0.13;0.13;0.13
UAR 19;FC926585;grupo 2 DF;0.045;0.045;0.06;0.06;0.09;0.09;0.09;0.10;0.10;0.10;0.10;0.10;0.13;0.13;0.13
UAR 20;FC119163;grupo 2 DF;0.045;0.045;0.06;0.06;0.09;0.09;0.09;0.10;0.10;0.10;0.10;0.10;0.13;0.13;0.13
EDC 13;1371230;grupo 2 DF;0.045;0.045;0.06;0.06;0.09;0.09;0.09;0.10;0.10;0.10;0.10;0.10;0.13;0.13;0.13
EDC 14;1370018;grupo 2 DF;0.045;0.045;0.06;0.06;0.09;0.09;0.09;0.10;0.10;0.10;0.10;0.10;0.13;0.13;0.13
GTC 04;1294683;grupo 2 DF;0.045;0.045;0.06;0.06;0.09;0.09;0.09;0.10;0.10;0.10;0.10;0.10;0.13;0.13;0.13
GTC 05;1294688;grupo 2 DF;0.045;0.045;0.06;0.06;0.09;0.09;0.09;0.10;0.10;0.10;0.10;0.10;0.13;0.13;0.13
GTC 06;1294657;grupo 2 DF;0.045;0.045;0.06;0.06;0.09;0.09;0.09;0.10;0.10;0.10;0.10;0.10;0.13;0.13;0.13
GTC 07;1294570;grupo 2 DF;0.045;0.045;0.06;0.06;0.09;0.09;0.09;0.10;0.10;0.10;0.10;0.10;0.13;0.13;0.13
GTC 08;1294655;grupo 2 DF;0.045;0.045;0.06;0.06;0.09;0.09;0.09;0.10;0.10;0.10;0.10;0.10;0.13;0.13;0.13
GTC 09;1294571;grupo 2 DF;0.045;0.045;0.06;0.06;0.09;0.09;0.09;0.10;0.10;0.10;0.10;0.10;0.13;0.13;0.13
GTC 10;1294691;grupo 2 DF;0.045;0.045;0.06;0.06;0.09;0.09;0.09;0.10;0.10;0.10;0.10;0.10;0.13;0.13;0.13
MTC 02;665635;grupo 2 DF;0.045;0.045;0.06;0.06;0.09;0.09;0.09;0.10;0.10;0.10;0.10;0.10;0.13;0.13;0.13
FXG 02;12451815;grupo 2 DF;0.045;0.045;0.06;0.06;0.09;0.09;0.09;0.10;0.10;0.10;0.10;0.10;0.13;0.13;0.13
SVG 01;12533111;grupo 2 DF;0.045;0.045;0.06;0.06;0.09;0.09;0.09;0.10;0.10;0.10;0.10;0.10;0.13;0.13;0.13
SVG 02;12533182;grupo 2 DF;0.045;0.045;0.06;0.06;0.09;0.09;0.09;0.10;0.10;0.10;0.10;0.10;0.13;0.13;0.13
SVG 03;12533214;grupo 2 DF;0.045;0.045;0.06;0.06;0.09;0.09;0.09;0.10;0.10;0.10;0.10;0.10;0.13;0.13;0.13
SVG 04;12533147;grupo 2 DF;0.045;0.045;0.06;0.06;0.09;0.09;0.09;0.10;0.10;0.10;0.10;0.10;0.13;0.13;0.13
ALG 03;12532693;grupo 2 DF;0.045;0.045;0.06;0.06;0.09;0.09;0.09;0.10;0.10;0.10;0.10;0.10;0.13;0.13;0.13
ALG 04;12532627;grupo 2 DF;0.045;0.045;0.06;0.06;0.09;0.09;0.09;0.10;0.10;0.10;0.10;0.10;0.13;0.13;0.13
ALG 05;12532603;grupo 2 DF;0.045;0.045;0.06;0.06;0.09;0.09;0.09;0.10;0.10;0.10;0.10;0.10;0.13;0.13;0.13
SVC 02;619549;grupo 2 DF;0.045;0.045;0.06;0.06;0.09;0.09;0.09;0.10;0.10;0.10;0.10;0.10;0.13;0.13;0.13
GTG 05;12588181;grupo 2 DF;0.045;0.045;0.06;0.06;0.09;0.09;0.09;0.10;0.10;0.10;0.10;0.10;0.13;0.13;0.13
ALC 01;1582907;grupo 2 DF;0.045;0.045;0.06;0.06;0.09;0.09;0.09;0.10;0.10;0.10;0.10;0.10;0.13;0.13;0.13
ALC 02;1582836;grupo 2 DF;0.045;0.045;0.06;0.06;0.09;0.09;0.09;0.10;0.10;0.10;0.10;0.10;0.13;0.13;0.13
ALC 07;695306;grupo 2 DF;0.045;0.045;0.06;0.06;0.09;0.09;0.09;0.10;0.10;0.10;0.10;0.10;0.13;0.13;0.13
JDG 01;12657426;grupo 2 DF;0.045;0.045;0.06;0.06;0.09;0.09;0.09;0.10;0.10;0.10;0.10;0.10;0.13;0.13;0.13
JDG 03;12657424;grupo 2 DF;0.045;0.045;0.06;0.06;0.09;0.09;0.09;0.10;0.10;0.10;0.10;0.10;0.13;0.13;0.13
JDG 04;12657434;grupo 2 DF;0.045;0.045;0.06;0.06;0.09;0.09;0.09;0.10;0.10;0.10;0.10;0.10;0.13;0.13;0.13
SVC 03;454081;grupo 2 DF;0.045;0.045;0.06;0.06;0.09;0.09;0.09;0.10;0.10;0.10;0.10;0.10;0.13;0.13;0.13
SVC 04;454623;grupo 2 DF;0.045;0.045;0.06;0.06;0.09;0.09;0.09;0.10;0.10;0.10;0.10;0.10;0.13;0.13;0.13
SVC 05;453856;grupo 2 DF;0.045;0.045;0.06;0.06;0.09;0.09;0.09;0.10;0.10;0.10;0.10;0.10;0.13;0.13;0.13
SVC 07;453740;grupo 2 DF;0.045;0.045;0.06;0.06;0.09;0.09;0.09;0.10;0.10;0.10;0.10;0.10;0.13;0.13;0.13
SVC 09;453666;grupo 2 DF;0.045;0.045;0.06;0.06;0.09;0.09;0.09;0.10;0.10;0.10;0.10;0.10;0.13;0.13;0.13
SVC 10;454567;grupo 2 DF;0.045;0.045;0.06;0.06;0.09;0.09;0.09;0.10;0.10;0.10;0.10;0.10;0.13;0.13;0.13
ALC 08;696188;grupo 2 DF;0.045;0.045;0.06;0.06;0.09;0.09;0.09;0.10;0.10;0.10;0.10;0.10;0.13;0.13;0.13
RDR 03;SN614596;grupo 2 DF;0.045;0.045;0.06;0.06;0.09;0.09;0.09;0.10;0.10;0.10;0.10;0.10;0.13;0.13;0.13
RDR 04;SN590291;grupo 2 DF;0.045;0.045;0.06;0.06;0.09;0.09;0.09;0.10;0.10;0.10;0.10;0.10;0.13;0.13;0.13
STG 04;13252559;grupo 2 DF;0.045;0.045;0.06;0.06;0.09;0.09;0.09;0.10;0.10;0.10;0.10;0.10;0.13;0.13;0.13
FTG 01;13264367;grupo 2 DF;0.045;0.045;0.06;0.06;0.09;0.09;0.09;0.10;0.10;0.10;0.10;0.10;0.13;0.13;0.13
FTG 02;13264285;grupo 2 DF;0.045;0.045;0.06;0.06;0.09;0.09;0.09;0.10;0.10;0.10;0.10;0.10;0.13;0.13;0.13
RNG 01;13264252;grupo 2 DF;0.045;0.045;0.06;0.06;0.09;0.09;0.09;0.10;0.10;0.10;0.10;0.10;0.13;0.13;0.13
RNG 02;13264269;grupo 2 DF;0.045;0.045;0.06;0.06;0.09;0.09;0.09;0.10;0.10;0.10;0.10;0.10;0.13;0.13;0.13
FTC 10;342300;grupo 2 DF;0.045;0.045;0.06;0.06;0.09;0.09;0.09;0.10;0.10;0.10;0.10;0.10;0.13;0.13;0.13
POG 01;13496135;grupo 2 DF;0.045;0.045;0.06;0.06;0.09;0.09;0.09;0.10;0.10;0.10;0.10;0.10;0.13;0.13;0.13
POG 02;13496095;grupo 2 DF;0.045;0.045;0.06;0.06;0.09;0.09;0.09;0.10;0.10;0.10;0.10;0.10;0.13;0.13;0.13
POG 03;13496233;grupo 2 DF;0.045;0.045;0.06;0.06;0.09;0.09;0.09;0.10;0.10;0.10;0.10;0.10;0.13;0.13;0.13
RDG 01;13491247;grupo 2 DF;0.045;0.045;0.06;0.06;0.09;0.09;0.09;0.10;0.10;0.10;0.10;0.10;0.13;0.13;0.13
RDG 02;13490926;grupo 2 DF;0.045;0.045;0.06;0.06;0.09;0.09;0.09;0.10;0.10;0.10;0.10;0.10;0.13;0.13;0.13
RDG 03;13490975;grupo 2 DF;0.045;0.045;0.06;0.06;0.09;0.09;0.09;0.10;0.10;0.10;0.10;0.10;0.13;0.13;0.13
WFG 02;13491429;grupo 2 DF;0.045;0.045;0.06;0.06;0.09;0.09;0.09;0.10;0.10;0.10;0.10;0.10;0.13;0.13;0.13
WFG 03;13491511;grupo 2 DF;0.045;0.045;0.06;0.06;0.09;0.09;0.09;0.10;0.10;0.10;0.10;0.10;0.13;0.13;0.13
WFG 04;13491471;grupo 2 DF;0.045;0.045;0.06;0.06;0.09;0.09;0.09;0.10;0.10;0.10;0.10;0.10;0.13;0.13;0.13
HNG 02;13791453;grupo 2 DF;0.045;0.045;0.06;0.06;0.09;0.09;0.09;0.10;0.10;0.10;0.10;0.10;0.13;0.13;0.13
TFG 01;13840208;grupo 2 DF;0.045;0.045;0.06;0.06;0.09;0.09;0.09;0.10;0.10;0.10;0.10;0.10;0.13;0.13;0.13
TFG 03;13840240;grupo 2 DF;0.045;0.045;0.06;0.06;0.09;0.09;0.09;0.10;0.10;0.10;0.10;0.10;0.13;0.13;0.13
HNR 03;SV001907;grupo 2 DF;0.045;0.045;0.06;0.06;0.09;0.09;0.09;0.10;0.10;0.10;0.10;0.10;0.13;0.13;0.13
HNR 04;SV005801;grupo 2 DF;0.045;0.045;0.06;0.06;0.09;0.09;0.09;0.10;0.10;0.10;0.10;0.10;0.13;0.13;0.13
CMR 102;SN923059;grupo 2 DF;0.045;0.045;0.06;0.06;0.09;0.09;0.09;0.10;0.10;0.10;0.10;0.10;0.13;0.13;0.13
CMR 114;SV001424;grupo 2 DF;0.045;0.045;0.06;0.06;0.09;0.09;0.09;0.10;0.10;0.10;0.10;0.10;0.13;0.13;0.13
LMR 01;SV021173;grupo 2 DF;0.045;0.045;0.06;0.06;0.09;0.09;0.09;0.10;0.10;0.10;0.10;0.10;0.13;0.13;0.13
LMR 02;SN612621;grupo 2 DF;0.045;0.045;0.06;0.06;0.09;0.09;0.09;0.10;0.10;0.10;0.10;0.10;0.13;0.13;0.13
LMR 03;SN064318;grupo 2 DF;0.045;0.045;0.06;0.06;0.09;0.09;0.09;0.10;0.10;0.10;0.10;0.10;0.13;0.13;0.13
TFR 03;SN924915;grupo 2 DF;0.045;0.045;0.06;0.06;0.09;0.09;0.09;0.10;0.10;0.10;0.10;0.10;0.13;0.13;0.13
GSG 01;13987759;grupo 2 DF;0.045;0.045;0.06;0.06;0.09;0.09;0.09;0.10;0.10;0.10;0.10;0.10;0.13;0.13;0.13
CMR 108;SV021004;grupo 2 DF;0.045;0.045;0.06;0.06;0.09;0.09;0.09;0.10;0.10;0.10;0.10;0.10;0.13;0.13;0.13
LMR 06;SN258731;grupo 2 DF;0.045;0.045;0.06;0.06;0.09;0.09;0.09;0.10;0.10;0.10;0.10;0.10;0.13;0.13;0.13
CMR 104;SN583588;grupo 2 DF;0.045;0.045;0.06;0.06;0.09;0.09;0.09;0.10;0.10;0.10;0.10;0.10;0.13;0.13;0.13
CLR 50;SV058050;grupo 2 DF;0.045;0.045;0.06;0.06;0.09;0.09;0.09;0.10;0.10;0.10;0.10;0.10;0.13;0.13;0.13
EVR 10;SN040760;grupo 2 DF;0.045;0.045;0.06;0.06;0.09;0.09;0.09;0.10;0.10;0.10;0.10;0.10;0.13;0.13;0.13
GTG 15;13987656;grupo 2 DF;0.045;0.045;0.06;0.06;0.09;0.09;0.09;0.10;0.10;0.10;0.10;0.10;0.13;0.13;0.13
ENR 04;SV158825;grupo 2 DF;0.045;0.045;0.06;0.06;0.09;0.09;0.09;0.10;0.10;0.10;0.10;0.10;0.13;0.13;0.13
ENR 15;SV873524;grupo 2 DF;0.045;0.045;0.06;0.06;0.09;0.09;0.09;0.10;0.10;0.10;0.10;0.10;0.13;0.13;0.13
ENR 02;SN992779;grupo 2 DF;0.045;0.045;0.06;0.06;0.09;0.09;0.09;0.10;0.10;0.10;0.10;0.10;0.13;0.13;0.13
CMR 440;SV181107;grupo 2 DF;0.045;0.045;0.06;0.06;0.09;0.09;0.09;0.10;0.10;0.10;0.10;0.10;0.13;0.13;0.13
ENG 03;14436950;grupo 2 DF;0.045;0.045;0.06;0.06;0.09;0.09;0.09;0.10;0.10;0.10;0.10;0.10;0.13;0.13;0.13
ENG 05;14437029;grupo 2 DF;0.045;0.045;0.06;0.06;0.09;0.09;0.09;0.10;0.10;0.10;0.10;0.10;0.13;0.13;0.13
ENR 05;SN193796;grupo 2 DF;0.045;0.045;0.06;0.06;0.09;0.09;0.09;0.10;0.10;0.10;0.10;0.10;0.13;0.13;0.13
ENR 06;SV158860;grupo 2 DF;0.045;0.045;0.06;0.06;0.09;0.09;0.09;0.10;0.10;0.10;0.10;0.10;0.13;0.13;0.13
ENR 10;SV163493;grupo 2 DF;0.045;0.045;0.06;0.06;0.09;0.09;0.09;0.10;0.10;0.10;0.10;0.10;0.13;0.13;0.13
ENC 01;577507;grupo 2 DF;0.045;0.045;0.06;0.06;0.09;0.09;0.09;0.10;0.10;0.10;0.10;0.10;0.13;0.13;0.13
DMG 03;14449673;grupo 2 DF;0.045;0.045;0.06;0.06;0.09;0.09;0.09;0.10;0.10;0.10;0.10;0.10;0.13;0.13;0.13
NWG 11;14491616;grupo 2 DF;0.045;0.045;0.06;0.06;0.09;0.09;0.09;0.10;0.10;0.10;0.10;0.10;0.13;0.13;0.13
PHG 01;14567536;grupo 2 DF;0.045;0.045;0.06;0.06;0.09;0.09;0.09;0.10;0.10;0.10;0.10;0.10;0.13;0.13;0.13
PHG 02;14567497;grupo 2 DF;0.045;0.045;0.06;0.06;0.09;0.09;0.09;0.10;0.10;0.10;0.10;0.10;0.13;0.13;0.13
PHG 03;14567589;grupo 2 DF;0.045;0.045;0.06;0.06;0.09;0.09;0.09;0.10;0.10;0.10;0.10;0.10;0.13;0.13;0.13
PHG 04;14567558;grupo 2 DF;0.045;0.045;0.06;0.06;0.09;0.09;0.09;0.10;0.10;0.10;0.10;0.10;0.13;0.13;0.13
CER 02;SV874119;grupo 2 DF;0.045;0.045;0.06;0.06;0.09;0.09;0.09;0.10;0.10;0.10;0.10;0.10;0.13;0.13;0.13
PHG 05;14567574;grupo 2 DF;0.045;0.045;0.06;0.06;0.09;0.09;0.09;0.10;0.10;0.10;0.10;0.10;0.13;0.13;0.13
ENR 16;SN880056;grupo 2 DF;0.045;0.045;0.06;0.06;0.09;0.09;0.09;0.10;0.10;0.10;0.10;0.10;0.13;0.13;0.13
TFR 10;SV216584;grupo 2 DF;0.045;0.045;0.06;0.06;0.09;0.09;0.09;0.10;0.10;0.10;0.10;0.10;0.13;0.13;0.13
CMR 441;SV216593;grupo 2 DF;0.045;0.045;0.06;0.06;0.09;0.09;0.09;0.10;0.10;0.10;0.10;0.10;0.13;0.13;0.13
CMR 06;CW292163;grupo 3 RJ;0.045;0.045;0.065;0.065;0.09;0.09;0.12;0.12;0.12;0.15;0.15;0.15;0.18;0.18;0.18
CMR 20;FC911788;grupo 3 RJ;0.045;0.045;0.065;0.065;0.09;0.09;0.12;0.12;0.12;0.15;0.15;0.15;0.15;0.18;0.18
CMR 34;FC892885;grupo 3 RJ;0.045;0.045;0.065;0.065;0.09;0.09;0.12;0.12;0.12;0.15;0.15;0.15;0.18;0.18;0.18
UAR 16;FC060530;grupo 3 RJ;0.045;0.045;0.065;0.065;0.09;0.09;0.12;0.12;0.12;0.15;0.15;0.15;0.18;0.18;0.18
UAC 02;419317;grupo 3 RJ;0.045;0.045;0.065;0.065;0.09;0.09;0.12;0.12;0.12;0.15;0.15;0.15;0.18;0.18;0.18
EDC 11;1365451;grupo 3 RJ;0.045;0.045;0.065;0.065;0.09;0.09;0.12;0.12;0.12;0.15;0.15;0.15;0.18;0.18;0.18
EDC 12;1367525;grupo 3 RJ;0.045;0.045;0.065;0.065;0.09;0.09;0.12;0.12;0.12;0.15;0.15;0.15;0.18;0.18;0.18
JEC 01;399339;grupo 3 RJ;0.045;0.045;0.065;0.065;0.09;0.09;0.12;0.12;0.12;0.15;0.15;0.15;0.18;0.18;0.18
JEC 02;399266;grupo 3 RJ;0.045;0.045;0.065;0.065;0.09;0.09;0.12;0.12;0.12;0.15;0.15;0.15;0.18;0.18;0.18
JEC 04;396269;grupo 3 RJ;0.045;0.045;0.065;0.065;0.09;0.09;0.12;0.12;0.12;0.15;0.15;0.15;0.18;0.18;0.18
JEC 06;395980;grupo 3 RJ;0.045;0.045;0.065;0.065;0.09;0.09;0.12;0.12;0.12;0.15;0.15;0.15;0.18;0.18;0.18
GTG 02;12588124;grupo 3 RJ;0.045;0.045;0.065;0.065;0.09;0.09;0.12;0.12;0.12;0.15;0.15;0.15;0.18;0.18;0.18
MTG 03;12302207;grupo 3 RJ;0.045;0.045;0.065;0.065;0.09;0.09;0.12;0.12;0.12;0.15;0.15;0.15;0.18;0.18;0.18
DSC 01;1670440;grupo 3 RJ;0.045;0.045;0.065;0.065;0.09;0.09;0.12;0.12;0.12;0.15;0.15;0.15;0.18;0.18;0.18
DSC 02;1670184;grupo 3 RJ;0.045;0.045;0.065;0.065;0.09;0.09;0.12;0.12;0.12;0.15;0.15;0.15;0.18;0.18;0.18
DSC 05;1669936;grupo 3 RJ;0.045;0.045;0.065;0.065;0.09;0.09;0.12;0.12;0.12;0.15;0.15;0.15;0.18;0.18;0.18
DSC 06;1669937;grupo 3 RJ;0.045;0.045;0.065;0.065;0.09;0.09;0.12;0.12;0.12;0.15;0.15;0.15;0.18;0.18;0.18
SVR 02;SN070696;grupo 3 RJ;0.045;0.045;0.065;0.065;0.09;0.09;0.12;0.12;0.12;0.15;0.15;0.15;0.18;0.18;0.18
SVR 03;SN266554;grupo 3 RJ;0.045;0.045;0.065;0.065;0.09;0.09;0.12;0.12;0.12;0.15;0.15;0.15;0.18;0.18;0.18
PLR 02;SN585727;grupo 3 RJ;0.045;0.045;0.065;0.065;0.09;0.09;0.12;0.12;0.12;0.15;0.15;0.15;0.18;0.18;0.18
STR 04;SN720769;grupo 3 RJ;0.045;0.045;0.065;0.065;0.09;0.09;0.12;0.12;0.12;0.15;0.15;0.15;0.18;0.18;0.18
FTC 01;98904;grupo 3 RJ;0.045;0.045;0.065;0.065;0.09;0.09;0.12;0.12;0.12;0.15;0.15;0.15;0.18;0.18;0.18
FTC 09;344078;grupo 3 RJ;0.045;0.045;0.065;0.065;0.09;0.09;0.12;0.12;0.12;0.15;0.15;0.15;0.18;0.18;0.18
GBG 03;13587383;grupo 3 RJ;0.045;0.045;0.065;0.065;0.09;0.09;0.12;0.12;0.12;0.15;0.15;0.15;0.18;0.18;0.18
DYG 02;13718793;grupo 3 RJ;0.045;0.045;0.065;0.065;0.09;0.09;0.12;0.12;0.12;0.15;0.15;0.15;0.18;0.18;0.18
LMG 05;13718970;grupo 3 RJ;0.045;0.045;0.065;0.065;0.09;0.09;0.12;0.12;0.12;0.15;0.15;0.15;0.18;0.18;0.18
RDC 04;42975;grupo 3 RJ;0.045;0.045;0.065;0.065;0.09;0.09;0.12;0.12;0.12;0.15;0.15;0.15;0.18;0.18;0.18
GBR 02;SV005331;grupo 3 RJ;0.045;0.045;0.065;0.065;0.09;0.09;0.12;0.12;0.12;0.15;0.15;0.15;0.18;0.18;0.18
MFR 03;SV005786;grupo 3 RJ;0.045;0.045;0.065;0.065;0.09;0.09;0.12;0.12;0.12;0.15;0.15;0.15;0.18;0.18;0.18
MFC 01;1282366;grupo 3 RJ;0.045;0.045;0.065;0.065;0.09;0.09;0.12;0.12;0.12;0.15;0.15;0.15;0.18;0.18;0.18
CMR 104;SN583588;grupo 3 RJ;0.045;0.045;0.065;0.065;0.09;0.09;0.12;0.12;0.12;0.15;0.15;0.15;0.18;0.18;0.18
CMR 110;SV021146;grupo 3 RJ;0.045;0.045;0.065;0.065;0.09;0.09;0.12;0.12;0.12;0.15;0.15;0.15;0.18;0.18;0.18
NWG 05;14491633;grupo 3 RJ;0.045;0.045;0.065;0.065;0.09;0.09;0.12;0.12;0.12;0.15;0.15;0.15;0.18;0.18;0.18
NWG 06;14491620;grupo 3 RJ;0.045;0.045;0.065;0.065;0.09;0.09;0.12;0.12;0.12;0.15;0.15;0.15;0.18;0.18;0.18
NWG 07;14491651;grupo 3 RJ;0.045;0.045;0.065;0.065;0.09;0.09;0.12;0.12;0.12;0.15;0.15;0.15;0.18;0.18;0.18
NWG 08;14490214;grupo 3 RJ;0.045;0.045;0.065;0.065;0.09;0.09;0.12;0.12;0.12;0.15;0.15;0.15;0.18;0.18;0.18
NWG 09;14490130;grupo 3 RJ;0.045;0.045;0.065;0.065;0.09;0.09;0.12;0.12;0.12;0.15;0.15;0.15;0.18;0.18;0.18
NWG 10;14491635;grupo 3 RJ;0.045;0.045;0.065;0.065;0.09;0.09;0.12;0.12;0.12;0.15;0.15;0.15;0.18;0.18;0.18
MP 02;1072041;grupo 4 PE;0.045;0.045;0.065;0.065;0.09;0.09;0.12;0.12;0.12;0.15;0.15;0.15;0.18;0.18;0.18
MP 03;1071574;grupo 4 PE;0.045;0.045;0.065;0.065;0.09;0.09;0.12;0.12;0.12;0.15;0.15;0.15;0.18;0.18;0.18
MP 04;1071989;grupo 4 PE;0.045;0.045;0.065;0.065;0.09;0.09;0.12;0.12;0.12;0.15;0.15;0.15;0.18;0.18;0.18
CMG 01;11221105;grupo 4 PE;0.045;0.045;0.065;0.065;0.09;0.09;0.12;0.12;0.12;0.15;0.15;0.15;0.18;0.18;0.18
CMG 02;11221139;grupo 4 PE;0.045;0.045;0.065;0.065;0.09;0.09;0.12;0.12;0.12;0.15;0.15;0.15;0.18;0.18;0.18
CMG 04;11221144;grupo 4 PE;0.045;0.045;0.065;0.065;0.09;0.09;0.12;0.12;0.12;0.15;0.15;0.15;0.18;0.18;0.18
CMG 05;11221187;grupo 4 PE;0.045;0.045;0.065;0.065;0.09;0.09;0.12;0.12;0.12;0.15;0.15;0.15;0.18;0.18;0.18
CMG 07;11221117;grupo 4 PE;0.045;0.045;0.065;0.065;0.09;0.09;0.12;0.12;0.12;0.15;0.15;0.15;0.18;0.18;0.18
CMG 08;11221181;grupo 4 PE;0.045;0.045;0.065;0.065;0.09;0.09;0.12;0.12;0.12;0.15;0.15;0.15;0.18;0.18;0.18
CMR 04;CW352600;grupo 4 PE;0.045;0.045;0.065;0.065;0.09;0.09;0.12;0.12;0.12;0.15;0.15;0.15;0.18;0.18;0.18
CMR 05;CW638215;grupo 4 PE;0.045;0.045;0.065;0.065;0.09;0.09;0.12;0.12;0.12;0.15;0.15;0.15;0.18;0.18;0.18
CMR 16;FC287578;grupo 4 PE;0.045;0.045;0.065;0.065;0.09;0.09;0.12;0.12;0.12;0.15;0.15;0.15;0.15;0.18;0.18
CMR 17;FC013683;grupo 4 PE;0.045;0.045;0.065;0.065;0.09;0.09;0.12;0.12;0.12;0.15;0.15;0.15;0.15;0.18;0.18
CMR 21;FC333001;grupo 4 PE;0.045;0.045;0.065;0.065;0.09;0.09;0.12;0.12;0.12;0.15;0.15;0.15;0.15;0.18;0.18
CMR 22;FC205409;grupo 4 PE;0.045;0.045;0.065;0.065;0.09;0.09;0.12;0.12;0.12;0.15;0.15;0.15;0.18;0.18;0.18
CMR 23;FC323219;grupo 4 PE;0.045;0.045;0.065;0.065;0.09;0.09;0.12;0.12;0.12;0.15;0.15;0.15;0.18;0.18;0.18
CMR 24;FC321574;grupo 4 PE;0.045;0.045;0.065;0.065;0.09;0.09;0.12;0.12;0.12;0.15;0.15;0.15;0.18;0.18;0.18
CMR 26;FC268220;grupo 4 PE;0.045;0.045;0.065;0.065;0.09;0.09;0.12;0.12;0.12;0.15;0.15;0.15;0.18;0.18;0.18
CMR 27;FC024691;grupo 4 PE;0.045;0.045;0.065;0.065;0.09;0.09;0.12;0.12;0.12;0.15;0.15;0.15;0.18;0.18;0.18
CMR 28;FC002556;grupo 4 PE;0.045;0.045;0.065;0.065;0.09;0.09;0.12;0.12;0.12;0.15;0.15;0.15;0.18;0.18;0.18
CMR 29;FC061945;grupo 4 PE;0.045;0.045;0.065;0.065;0.09;0.09;0.12;0.12;0.12;0.15;0.15;0.15;0.18;0.18;0.18
CMR 30;FC872781;grupo 4 PE;0.045;0.045;0.065;0.065;0.09;0.09;0.12;0.12;0.12;0.15;0.15;0.15;0.18;0.18;0.18
UAG 02;11320853;grupo 4 PE;0.045;0.045;0.065;0.065;0.09;0.09;0.12;0.12;0.12;0.15;0.15;0.15;0.18;0.18;0.18
UAG 03;11320958;grupo 4 PE;0.045;0.045;0.065;0.065;0.09;0.09;0.12;0.12;0.12;0.15;0.15;0.15;0.18;0.18;0.18
UAG 07;11321049;grupo 4 PE;0.045;0.045;0.065;0.065;0.09;0.09;0.12;0.12;0.12;0.15;0.15;0.15;0.18;0.18;0.18
UAG 09;11244252;grupo 4 PE;0.045;0.045;0.065;0.065;0.09;0.09;0.12;0.12;0.12;0.15;0.15;0.15;0.18;0.18;0.18
UAG 10;11320991;grupo 4 PE;0.045;0.045;0.065;0.065;0.09;0.09;0.12;0.12;0.12;0.15;0.15;0.15;0.18;0.18;0.18
UAG 11;11244327;grupo 4 PE;0.045;0.045;0.065;0.065;0.09;0.09;0.12;0.12;0.12;0.15;0.15;0.15;0.18;0.18;0.18
UAG 12;11320894;grupo 4 PE;0.045;0.045;0.065;0.065;0.09;0.09;0.12;0.12;0.12;0.15;0.15;0.15;0.18;0.18;0.18
UAR 13;FC926767;grupo 4 PE;0.045;0.045;0.065;0.065;0.09;0.09;0.12;0.12;0.12;0.15;0.15;0.15;0.18;0.18;0.18
CMR 01;CW373111;grupo 4 PE;0.045;0.045;0.065;0.065;0.09;0.09;0.12;0.12;0.12;0.15;0.15;0.15;0.18;0.18;0.18
CMR 13;FC062172;grupo 4 PE;0.045;0.045;0.065;0.065;0.09;0.09;0.12;0.12;0.12;0.15;0.15;0.15;0.18;0.18;0.18
CMG 14;11435951;grupo 4 PE;0.045;0.045;0.065;0.065;0.09;0.09;0.12;0.12;0.12;0.15;0.15;0.15;0.18;0.18;0.18
UAG 15;11435935;grupo 4 PE;0.045;0.045;0.065;0.065;0.09;0.09;0.12;0.12;0.12;0.15;0.15;0.15;0.18;0.18;0.18
CMR 35;FC306240;grupo 4 PE;0.045;0.045;0.065;0.065;0.09;0.09;0.12;0.12;0.12;0.15;0.15;0.15;0.18;0.18;0.18
CMR 36;FC092837;grupo 4 PE;0.045;0.045;0.065;0.065;0.09;0.09;0.12;0.12;0.12;0.15;0.15;0.15;0.18;0.18;0.18
CMR 41;FC913792;grupo 4 PE;0.045;0.045;0.065;0.065;0.09;0.09;0.12;0.12;0.12;0.15;0.15;0.15;0.18;0.18;0.18
EDG 12;11647989;grupo 4 PE;0.045;0.045;0.065;0.065;0.09;0.09;0.12;0.12;0.12;0.15;0.15;0.15;0.18;0.18;0.18
EDG 13;11648016;grupo 4 PE;0.045;0.045;0.065;0.065;0.09;0.09;0.12;0.12;0.12;0.15;0.15;0.15;0.18;0.18;0.18
EDC 01;1369033;grupo 4 PE;0.045;0.045;0.065;0.065;0.09;0.09;0.12;0.12;0.12;0.15;0.15;0.15;0.18;0.18;0.18
EDC 06;1368189;grupo 4 PE;0.045;0.045;0.065;0.065;0.09;0.09;0.12;0.12;0.12;0.15;0.15;0.15;0.18;0.18;0.18
EDC 07;1372110;grupo 4 PE;0.045;0.045;0.065;0.065;0.09;0.09;0.12;0.12;0.12;0.15;0.15;0.15;0.18;0.18;0.18
EDC 08;1365470;grupo 4 PE;0.045;0.045;0.065;0.065;0.09;0.09;0.12;0.12;0.12;0.15;0.15;0.15;0.18;0.18;0.18
EDC 09;1375518;grupo 4 PE;0.045;0.045;0.065;0.065;0.09;0.09;0.12;0.12;0.12;0.15;0.15;0.15;0.18;0.18;0.18
EDC 15;1374736;grupo 4 PE;0.045;0.045;0.065;0.065;0.09;0.09;0.12;0.12;0.12;0.15;0.15;0.15;0.18;0.18;0.18
EDC 16;1371922;grupo 4 PE;0.045;0.045;0.065;0.065;0.09;0.09;0.12;0.12;0.12;0.15;0.15;0.15;0.18;0.18;0.18
EDC 17;1374737;grupo 4 PE;0.045;0.045;0.065;0.065;0.09;0.09;0.12;0.12;0.12;0.15;0.15;0.15;0.18;0.18;0.18
EDC 18;1374764;grupo 4 PE;0.045;0.045;0.065;0.065;0.09;0.09;0.12;0.12;0.12;0.15;0.15;0.15;0.18;0.18;0.18
UAR 27;FC275011;grupo 4 PE;0.045;0.045;0.065;0.065;0.09;0.09;0.12;0.12;0.12;0.15;0.15;0.15;0.18;0.18;0.18
TFR 01;SN924905;grupo 4 PE;0.045;0.045;0.065;0.065;0.09;0.09;0.12;0.12;0.12;0.15;0.15;0.15;0.18;0.18;0.18
FIX 01;1769837;grupo 4 PE;0.045;0.045;0.065;0.065;0.09;0.09;0.12;0.12;0.12;0.15;0.15;0.15;0.18;0.18;0.18
FIX 02;1762547;grupo 4 PE;0.045;0.045;0.065;0.065;0.09;0.09;0.12;0.12;0.12;0.15;0.15;0.15;0.18;0.18;0.18
FIX 03;445206;grupo 4 PE;0.045;0.045;0.065;0.065;0.09;0.09;0.12;0.12;0.12;0.15;0.15;0.15;0.18;0.18;0.18
FIX 04;444539;grupo 4 PE;0.045;0.045;0.065;0.065;0.09;0.09;0.12;0.12;0.12;0.15;0.15;0.15;0.18;0.18;0.18
FIX 05;445110;grupo 4 PE;0.045;0.045;0.065;0.065;0.09;0.09;0.12;0.12;0.12;0.15;0.15;0.15;0.18;0.18;0.18
FIX 06;445011;grupo 4 PE;0.045;0.045;0.065;0.065;0.09;0.09;0.12;0.12;0.12;0.15;0.15;0.15;0.18;0.18;0.18
FIX 07;445201;grupo 4 PE;0.045;0.045;0.065;0.065;0.09;0.09;0.12;0.12;0.12;0.15;0.15;0.15;0.18;0.18;0.18
FXC 11;733651;grupo 4 PE;0.045;0.045;0.065;0.065;0.09;0.09;0.12;0.12;0.12;0.15;0.15;0.15;0.18;0.18;0.18
FXC 12;732818;grupo 4 PE;0.045;0.045;0.065;0.065;0.09;0.09;0.12;0.12;0.12;0.15;0.15;0.15;0.18;0.18;0.18
FXC 13;734717;grupo 4 PE;0.045;0.045;0.065;0.065;0.09;0.09;0.12;0.12;0.12;0.15;0.15;0.15;0.18;0.18;0.18
FXC 14;733518;grupo 4 PE;0.045;0.045;0.065;0.065;0.09;0.09;0.12;0.12;0.12;0.15;0.15;0.15;0.18;0.18;0.18
FXC 15;734257;grupo 4 PE;0.045;0.045;0.065;0.065;0.09;0.09;0.12;0.12;0.12;0.15;0.15;0.15;0.18;0.18;0.18
AZG 01;12114238;grupo 4 PE;0.045;0.045;0.065;0.065;0.09;0.09;0.12;0.12;0.12;0.15;0.15;0.15;0.18;0.18;0.18
AZG 02;12114406;grupo 4 PE;0.045;0.045;0.065;0.065;0.09;0.09;0.12;0.12;0.12;0.15;0.15;0.15;0.18;0.18;0.18
AZG 04;12114284;grupo 4 PE;0.045;0.045;0.065;0.065;0.09;0.09;0.12;0.12;0.12;0.15;0.15;0.15;0.18;0.18;0.18
AZC 03;1434971;grupo 4 PE;0.045;0.045;0.065;0.065;0.09;0.09;0.12;0.12;0.12;0.15;0.15;0.15;0.18;0.18;0.18
AZC 04;1434992;grupo 4 PE;0.045;0.045;0.065;0.065;0.09;0.09;0.12;0.12;0.12;0.15;0.15;0.15;0.18;0.18;0.18
AZC 05;1434682;grupo 4 PE;0.045;0.045;0.065;0.065;0.09;0.09;0.12;0.12;0.12;0.15;0.15;0.15;0.18;0.18;0.18
MTC 03;819123;grupo 4 PE;0.045;0.045;0.065;0.065;0.09;0.09;0.12;0.12;0.12;0.15;0.15;0.15;0.18;0.18;0.18
MTC 04;819218;grupo 4 PE;0.045;0.045;0.065;0.065;0.09;0.09;0.12;0.12;0.12;0.15;0.15;0.15;0.18;0.18;0.18
MTC 05;819489;grupo 4 PE;0.045;0.045;0.065;0.065;0.09;0.09;0.12;0.12;0.12;0.15;0.15;0.15;0.18;0.18;0.18
MTC 06;819190;grupo 4 PE;0.045;0.045;0.065;0.065;0.09;0.09;0.12;0.12;0.12;0.15;0.15;0.15;0.18;0.18;0.18
MTC 07;819229;grupo 4 PE;0.045;0.045;0.065;0.065;0.09;0.09;0.12;0.12;0.12;0.15;0.15;0.15;0.18;0.18;0.18
MTC 08;819333;grupo 4 PE;0.045;0.045;0.065;0.065;0.09;0.09;0.12;0.12;0.12;0.15;0.15;0.15;0.18;0.18;0.18
MTC 09 - BO;663455;grupo 4 PE;0.045;0.045;0.065;0.065;0.09;0.09;0.12;0.12;0.12;0.15;0.15;0.15;0.18;0.18;0.18
JDC 01;1249674;grupo 4 PE;0.045;0.045;0.065;0.065;0.09;0.09;0.12;0.12;0.12;0.15;0.15;0.15;0.18;0.18;0.18
JDC 02;1252994;grupo 4 PE;0.045;0.045;0.065;0.065;0.09;0.09;0.12;0.12;0.12;0.15;0.15;0.15;0.18;0.18;0.18
JDC 03;1343206;grupo 4 PE;0.045;0.045;0.065;0.065;0.09;0.09;0.12;0.12;0.12;0.15;0.15;0.15;0.18;0.18;0.18
JDC 04;1343197;grupo 4 PE;0.045;0.045;0.065;0.065;0.09;0.09;0.12;0.12;0.12;0.15;0.15;0.15;0.18;0.18;0.18
JDC 05;1343175;grupo 4 PE;0.045;0.045;0.065;0.065;0.09;0.09;0.12;0.12;0.12;0.15;0.15;0.15;0.18;0.18;0.18
JDC 06;1343122;grupo 4 PE;0.045;0.045;0.065;0.065;0.09;0.09;0.12;0.12;0.12;0.15;0.15;0.15;0.18;0.18;0.18
JDC 07;1343201;grupo 4 PE;0.045;0.045;0.065;0.065;0.09;0.09;0.12;0.12;0.12;0.15;0.15;0.15;0.18;0.18;0.18
JDC 08;1343250;grupo 4 PE;0.045;0.045;0.065;0.065;0.09;0.09;0.12;0.12;0.12;0.15;0.15;0.15;0.18;0.18;0.18
JDC 09;1343195;grupo 4 PE;0.045;0.045;0.065;0.065;0.09;0.09;0.12;0.12;0.12;0.15;0.15;0.15;0.18;0.18;0.18
JDC 10;1343123;grupo 4 PE;0.045;0.045;0.065;0.065;0.09;0.09;0.12;0.12;0.12;0.15;0.15;0.15;0.18;0.18;0.18
JEC 05;399341;grupo 4 PE;0.045;0.045;0.065;0.065;0.09;0.09;0.12;0.12;0.12;0.15;0.15;0.15;0.18;0.18;0.18
JEC 07;394593;grupo 4 PE;0.045;0.045;0.065;0.065;0.09;0.09;0.12;0.12;0.12;0.15;0.15;0.15;0.18;0.18;0.18
JEC 08;396046;grupo 4 PE;0.045;0.045;0.065;0.065;0.09;0.09;0.12;0.12;0.12;0.15;0.15;0.15;0.18;0.18;0.18
ALG 02;12532709;grupo 4 PE;0.045;0.045;0.065;0.065;0.09;0.09;0.12;0.12;0.12;0.15;0.15;0.15;0.18;0.18;0.18
SVC 01;619988;grupo 4 PE;0.045;0.045;0.065;0.065;0.09;0.09;0.12;0.12;0.12;0.15;0.15;0.15;0.18;0.18;0.18
GTG 01;12588294;grupo 4 PE;0.045;0.045;0.065;0.065;0.09;0.09;0.12;0.12;0.12;0.15;0.15;0.15;0.18;0.18;0.18
GTG 04;12588144;grupo 4 PE;0.045;0.045;0.065;0.065;0.09;0.09;0.12;0.12;0.12;0.15;0.15;0.15;0.18;0.18;0.18
JDG 02;12657429;grupo 4 PE;0.045;0.045;0.065;0.065;0.09;0.09;0.12;0.12;0.12;0.15;0.15;0.15;0.18;0.18;0.18
JDG 05;12657435;grupo 4 PE;0.045;0.045;0.065;0.065;0.09;0.09;0.12;0.12;0.12;0.15;0.15;0.15;0.18;0.18;0.18
SVC 06;454751;grupo 4 PE;0.045;0.045;0.065;0.065;0.09;0.09;0.12;0.12;0.12;0.15;0.15;0.15;0.18;0.18;0.18
SVC 08;454988;grupo 4 PE;0.045;0.045;0.065;0.065;0.09;0.09;0.12;0.12;0.12;0.15;0.15;0.15;0.18;0.18;0.18
MTG 02;12302248;grupo 4 PE;0.045;0.045;0.065;0.065;0.09;0.09;0.12;0.12;0.12;0.15;0.15;0.15;0.18;0.18;0.18
MTG 04;12302803;grupo 4 PE;0.045;0.045;0.065;0.065;0.09;0.09;0.12;0.12;0.12;0.15;0.15;0.15;0.18;0.18;0.18
MTG 05;12302222;grupo 4 PE;0.045;0.045;0.065;0.065;0.09;0.09;0.12;0.12;0.12;0.15;0.15;0.15;0.18;0.18;0.18
ALG 07;12742285;grupo 4 PE;0.045;0.045;0.065;0.065;0.09;0.09;0.12;0.12;0.12;0.15;0.15;0.15;0.18;0.18;0.18
ALG 08;12742497;grupo 4 PE;0.045;0.045;0.065;0.065;0.09;0.09;0.12;0.12;0.12;0.15;0.15;0.15;0.18;0.18;0.18
ALG 10;12742426;grupo 4 PE;0.045;0.045;0.065;0.065;0.09;0.09;0.12;0.12;0.12;0.15;0.15;0.15;0.18;0.18;0.18
SVG 07;12742576;grupo 4 PE;0.045;0.045;0.065;0.065;0.09;0.09;0.12;0.12;0.12;0.15;0.15;0.15;0.18;0.18;0.18
SVG 08;12742714;grupo 4 PE;0.045;0.045;0.065;0.065;0.09;0.09;0.12;0.12;0.12;0.15;0.15;0.15;0.18;0.18;0.18
SVG 09;12742678;grupo 4 PE;0.045;0.045;0.065;0.065;0.09;0.09;0.12;0.12;0.12;0.15;0.15;0.15;0.18;0.18;0.18
ALC 09;1726457;grupo 4 PE;0.045;0.045;0.065;0.065;0.09;0.09;0.12;0.12;0.12;0.15;0.15;0.15;0.18;0.18;0.18
ALC 11;1726461;grupo 4 PE;0.045;0.045;0.065;0.065;0.09;0.09;0.12;0.12;0.12;0.15;0.15;0.15;0.18;0.18;0.18
ALC 13;1726459;grupo 4 PE;0.045;0.045;0.065;0.065;0.09;0.09;0.12;0.12;0.12;0.15;0.15;0.15;0.18;0.18;0.18
DSG 01;12774897;grupo 4 PE;0.045;0.045;0.065;0.065;0.09;0.09;0.12;0.12;0.12;0.15;0.15;0.15;0.18;0.18;0.18
DSG 02;12774908;grupo 4 PE;0.045;0.045;0.065;0.065;0.09;0.09;0.12;0.12;0.12;0.15;0.15;0.15;0.18;0.18;0.18
DSG 04;12774921;grupo 4 PE;0.045;0.045;0.065;0.065;0.09;0.09;0.12;0.12;0.12;0.15;0.15;0.15;0.18;0.18;0.18
DSG 05;12774913;grupo 4 PE;0.045;0.045;0.065;0.065;0.09;0.09;0.12;0.12;0.12;0.15;0.15;0.15;0.18;0.18;0.18
DSC 03;1670201;grupo 4 PE;0.045;0.045;0.065;0.065;0.09;0.09;0.12;0.12;0.12;0.15;0.15;0.15;0.18;0.18;0.18
DSC 07;1670438;grupo 4 PE;0.045;0.045;0.065;0.065;0.09;0.09;0.12;0.12;0.12;0.15;0.15;0.15;0.18;0.18;0.18
DSC 09;1669979;grupo 4 PE;0.045;0.045;0.065;0.065;0.09;0.09;0.12;0.12;0.12;0.15;0.15;0.15;0.18;0.18;0.18
AZR 01;FC231630;grupo 4 PE;0.045;0.045;0.065;0.065;0.09;0.09;0.12;0.12;0.12;0.15;0.15;0.15;0.18;0.18;0.18
JER 01;FC207760;grupo 4 PE;0.045;0.045;0.065;0.065;0.09;0.09;0.12;0.12;0.12;0.15;0.15;0.15;0.18;0.18;0.18
JER 02;FC315291;grupo 4 PE;0.045;0.045;0.065;0.065;0.09;0.09;0.12;0.12;0.12;0.15;0.15;0.15;0.18;0.18;0.18
JER 03;FC539963;grupo 4 PE;0.045;0.045;0.065;0.065;0.09;0.09;0.12;0.12;0.12;0.15;0.15;0.15;0.18;0.18;0.18
JER 04;FC541102;grupo 4 PE;0.045;0.045;0.065;0.065;0.09;0.09;0.12;0.12;0.12;0.15;0.15;0.15;0.18;0.18;0.18
DSR 02;SN050413;grupo 4 PE;0.045;0.045;0.065;0.065;0.09;0.09;0.12;0.12;0.12;0.15;0.15;0.15;0.18;0.18;0.18
DSR 03;SN146286;grupo 4 PE;0.045;0.045;0.065;0.065;0.09;0.09;0.12;0.12;0.12;0.15;0.15;0.15;0.18;0.18;0.18
DSR 04;SN060920;grupo 4 PE;0.045;0.045;0.065;0.065;0.09;0.09;0.12;0.12;0.12;0.15;0.15;0.15;0.18;0.18;0.18
ATR 02;SN462919;grupo 4 PE;0.045;0.045;0.065;0.065;0.09;0.09;0.12;0.12;0.12;0.15;0.15;0.15;0.18;0.18;0.18
ATR 03;SN332162;grupo 4 PE;0.045;0.045;0.065;0.065;0.09;0.09;0.12;0.12;0.12;0.15;0.15;0.15;0.18;0.18;0.18
SVR 01;SN462772;grupo 4 PE;0.045;0.045;0.065;0.065;0.09;0.09;0.12;0.12;0.12;0.15;0.15;0.15;0.18;0.18;0.18
SVR 04 - BO;SN260190;grupo 4 PE;0.045;0.045;0.065;0.065;0.09;0.09;0.12;0.12;0.12;0.15;0.15;0.15;0.18;0.18;0.18
PLG 01;12940413;grupo 4 PE;0.045;0.045;0.065;0.065;0.09;0.09;0.12;0.12;0.12;0.15;0.15;0.15;0.18;0.18;0.18
PLG 02;12940478;grupo 4 PE;0.045;0.045;0.065;0.065;0.09;0.09;0.12;0.12;0.12;0.15;0.15;0.15;0.18;0.18;0.18
PLG 03;12940405;grupo 4 PE;0.045;0.045;0.065;0.065;0.09;0.09;0.12;0.12;0.12;0.15;0.15;0.15;0.18;0.18;0.18
PLG 04;12940521;grupo 4 PE;0.045;0.045;0.065;0.065;0.09;0.09;0.12;0.12;0.12;0.15;0.15;0.15;0.18;0.18;0.18
PLG 05;12940492;grupo 4 PE;0.045;0.045;0.065;0.065;0.09;0.09;0.12;0.12;0.12;0.15;0.15;0.15;0.18;0.18;0.18
PLG 06;12940423;grupo 4 PE;0.045;0.045;0.065;0.065;0.09;0.09;0.12;0.12;0.12;0.15;0.15;0.15;0.18;0.18;0.18
AZR 04;SN531380;grupo 4 PE;0.045;0.045;0.065;0.065;0.09;0.09;0.12;0.12;0.12;0.15;0.15;0.15;0.18;0.18;0.18
PLR 03;SN585657;grupo 4 PE;0.045;0.045;0.065;0.065;0.09;0.09;0.12;0.12;0.12;0.15;0.15;0.15;0.18;0.18;0.18
RDR 01;SN582156;grupo 4 PE;0.045;0.045;0.065;0.065;0.09;0.09;0.12;0.12;0.12;0.15;0.15;0.15;0.18;0.18;0.18
STR 02;SN383620;grupo 4 PE;0.045;0.045;0.065;0.065;0.09;0.09;0.12;0.12;0.12;0.15;0.15;0.15;0.18;0.18;0.18
STR 03;SN646261;grupo 4 PE;0.045;0.045;0.065;0.065;0.09;0.09;0.12;0.12;0.12;0.15;0.15;0.15;0.18;0.18;0.18
STC 03;1540402;grupo 4 PE;0.045;0.045;0.065;0.065;0.09;0.09;0.12;0.12;0.12;0.15;0.15;0.15;0.18;0.18;0.18
STC 04;1540413;grupo 4 PE;0.045;0.045;0.065;0.065;0.09;0.09;0.12;0.12;0.12;0.15;0.15;0.15;0.18;0.18;0.18
STC 05;1540415;grupo 4 PE;0.045;0.045;0.065;0.065;0.09;0.09;0.12;0.12;0.12;0.15;0.15;0.15;0.18;0.18;0.18
STC 06;1540358;grupo 4 PE;0.045;0.045;0.065;0.065;0.09;0.09;0.12;0.12;0.12;0.15;0.15;0.15;0.18;0.18;0.18
STC 07;1540408;grupo 4 PE;0.045;0.045;0.065;0.065;0.09;0.09;0.12;0.12;0.12;0.15;0.15;0.15;0.18;0.18;0.18
STC 08;55524;grupo 4 PE;0.045;0.045;0.065;0.065;0.09;0.09;0.12;0.12;0.12;0.15;0.15;0.15;0.18;0.18;0.18
STC 09 - BO;1540084;grupo 4 PE;0.045;0.045;0.065;0.065;0.09;0.09;0.12;0.12;0.12;0.15;0.15;0.15;0.18;0.18;0.18
FTR 01;SN040348;grupo 4 PE;0.045;0.045;0.065;0.065;0.09;0.09;0.12;0.12;0.12;0.15;0.15;0.15;0.18;0.18;0.18
FTR 02;SN671697;grupo 4 PE;0.045;0.045;0.065;0.065;0.09;0.09;0.12;0.12;0.12;0.15;0.15;0.15;0.18;0.18;0.18
FTR 03;SN671696;grupo 4 PE;0.045;0.045;0.065;0.065;0.09;0.09;0.12;0.12;0.12;0.15;0.15;0.15;0.18;0.18;0.18
STG 01;13257528;grupo 4 PE;0.045;0.045;0.065;0.065;0.09;0.09;0.12;0.12;0.12;0.15;0.15;0.15;0.18;0.18;0.18
STG 02;13257529;grupo 4 PE;0.045;0.045;0.065;0.065;0.09;0.09;0.12;0.12;0.12;0.15;0.15;0.15;0.18;0.18;0.18
STG 03;13252554;grupo 4 PE;0.045;0.045;0.065;0.065;0.09;0.09;0.12;0.12;0.12;0.15;0.15;0.15;0.18;0.18;0.18
STG 05;13252549;grupo 4 PE;0.045;0.045;0.065;0.065;0.09;0.09;0.12;0.12;0.12;0.15;0.15;0.15;0.18;0.18;0.18
FTG 03;13264362;grupo 4 PE;0.045;0.045;0.065;0.065;0.09;0.09;0.12;0.12;0.12;0.15;0.15;0.15;0.18;0.18;0.18
RNG 03;13264274;grupo 4 PE;0.045;0.045;0.065;0.065;0.09;0.09;0.12;0.12;0.12;0.15;0.15;0.15;0.18;0.18;0.18
FTG 04;13316561;grupo 4 PE;0.045;0.045;0.065;0.065;0.09;0.09;0.12;0.12;0.12;0.15;0.15;0.15;0.18;0.18;0.18
FTG 05;13316506;grupo 4 PE;0.045;0.045;0.065;0.065;0.09;0.09;0.12;0.12;0.12;0.15;0.15;0.15;0.18;0.18;0.18
FTG 06;13316526;grupo 4 PE;0.045;0.045;0.065;0.065;0.09;0.09;0.12;0.12;0.12;0.15;0.15;0.15;0.18;0.18;0.18
FTR 04;SN404690;grupo 4 PE;0.045;0.045;0.065;0.065;0.09;0.09;0.12;0.12;0.12;0.15;0.15;0.15;0.18;0.18;0.18
FTC 03;1330797;grupo 4 PE;0.045;0.045;0.065;0.065;0.09;0.09;0.12;0.12;0.12;0.15;0.15;0.15;0.18;0.18;0.18
FTC 04;903334;grupo 4 PE;0.045;0.045;0.065;0.065;0.09;0.09;0.12;0.12;0.12;0.15;0.15;0.15;0.18;0.18;0.18
FTC 05;1329501;grupo 4 PE;0.045;0.045;0.065;0.065;0.09;0.09;0.12;0.12;0.12;0.15;0.15;0.15;0.18;0.18;0.18
RNG 07;13257753;grupo 4 PE;0.045;0.045;0.065;0.065;0.09;0.09;0.12;0.12;0.12;0.15;0.15;0.15;0.18;0.18;0.18
RNG 08;13257829;grupo 4 PE;0.045;0.045;0.065;0.065;0.09;0.09;0.12;0.12;0.12;0.15;0.15;0.15;0.18;0.18;0.18
RNG 09;13257813;grupo 4 PE;0.045;0.045;0.065;0.065;0.09;0.09;0.12;0.12;0.12;0.15;0.15;0.15;0.18;0.18;0.18
RNC 03;296185;grupo 4 PE;0.045;0.045;0.065;0.065;0.09;0.09;0.12;0.12;0.12;0.15;0.15;0.15;0.18;0.18;0.18
WFG 01;13491382;grupo 4 PE;0.045;0.045;0.065;0.065;0.09;0.09;0.12;0.12;0.12;0.15;0.15;0.15;0.18;0.18;0.18
MFG 01;13581533;grupo 4 PE;0.045;0.045;0.065;0.065;0.09;0.09;0.12;0.12;0.12;0.15;0.15;0.15;0.18;0.18;0.18
GBG 01;13592496;grupo 4 PE;0.045;0.045;0.065;0.065;0.09;0.09;0.12;0.12;0.12;0.15;0.15;0.15;0.18;0.18;0.18
GBG 02;13581612;grupo 4 PE;0.045;0.045;0.065;0.065;0.09;0.09;0.12;0.12;0.12;0.15;0.15;0.15;0.18;0.18;0.18
MFG 02;13581486;grupo 4 PE;0.045;0.045;0.065;0.065;0.09;0.09;0.12;0.12;0.12;0.15;0.15;0.15;0.18;0.18;0.18
MFG 03;13581563;grupo 4 PE;0.045;0.045;0.065;0.065;0.09;0.09;0.12;0.12;0.12;0.15;0.15;0.15;0.18;0.18;0.18
MFG 04;13581583;grupo 4 PE;0.045;0.045;0.065;0.065;0.09;0.09;0.12;0.12;0.12;0.15;0.15;0.15;0.18;0.18;0.18
GBG 04;13581603;grupo 4 PE;0.045;0.045;0.065;0.065;0.09;0.09;0.12;0.12;0.12;0.15;0.15;0.15;0.18;0.18;0.18
GBG 05;13581627;grupo 4 PE;0.045;0.045;0.065;0.065;0.09;0.09;0.12;0.12;0.12;0.15;0.15;0.15;0.18;0.18;0.18
CLG 01;13724061;grupo 4 PE;0.045;0.045;0.065;0.065;0.09;0.09;0.12;0.12;0.12;0.15;0.15;0.15;0.18;0.18;0.18
CLG 02;13718690;grupo 4 PE;0.045;0.045;0.065;0.065;0.09;0.09;0.12;0.12;0.12;0.15;0.15;0.15;0.18;0.18;0.18
CLG 05;13718678;grupo 4 PE;0.045;0.045;0.065;0.065;0.09;0.09;0.12;0.12;0.12;0.15;0.15;0.15;0.18;0.18;0.18
DYG 01;13718794;grupo 4 PE;0.045;0.045;0.065;0.065;0.09;0.09;0.12;0.12;0.12;0.15;0.15;0.15;0.18;0.18;0.18
DYG 03;13718843;grupo 4 PE;0.045;0.045;0.065;0.065;0.09;0.09;0.12;0.12;0.12;0.15;0.15;0.15;0.18;0.18;0.18
DYG 04;13718811;grupo 4 PE;0.045;0.045;0.065;0.065;0.09;0.09;0.12;0.12;0.12;0.15;0.15;0.15;0.18;0.18;0.18
LMG 01;13718958;grupo 4 PE;0.045;0.045;0.065;0.065;0.09;0.09;0.12;0.12;0.12;0.15;0.15;0.15;0.18;0.18;0.18
LMG 02;13718978;grupo 4 PE;0.045;0.045;0.065;0.065;0.09;0.09;0.12;0.12;0.12;0.15;0.15;0.15;0.18;0.18;0.18
LMG 03;13718962;grupo 4 PE;0.045;0.045;0.065;0.065;0.09;0.09;0.12;0.12;0.12;0.15;0.15;0.15;0.18;0.18;0.18
LMG 04;13722465;grupo 4 PE;0.045;0.045;0.065;0.065;0.09;0.09;0.12;0.12;0.12;0.15;0.15;0.15;0.18;0.18;0.18
RDC 03;41613;grupo 4 PE;0.045;0.045;0.065;0.065;0.09;0.09;0.12;0.12;0.12;0.15;0.15;0.15;0.18;0.18;0.18
MFR 01;SV001490;grupo 4 PE;0.045;0.045;0.065;0.065;0.09;0.09;0.12;0.12;0.12;0.15;0.15;0.15;0.18;0.18;0.18
GBR 01;SV004944;grupo 4 PE;0.045;0.045;0.065;0.065;0.09;0.09;0.12;0.12;0.12;0.15;0.15;0.15;0.18;0.18;0.18
MFR 02;SV010900;grupo 4 PE;0.045;0.045;0.065;0.065;0.09;0.09;0.12;0.12;0.12;0.15;0.15;0.15;0.18;0.18;0.18
HNG 01;13791394;grupo 4 PE;0.045;0.045;0.065;0.065;0.09;0.09;0.12;0.12;0.12;0.15;0.15;0.15;0.18;0.18;0.18
HNR 01;SV005805;grupo 4 PE;0.045;0.045;0.065;0.065;0.09;0.09;0.12;0.12;0.12;0.15;0.15;0.15;0.18;0.18;0.18
HNR 02;SV004945;grupo 4 PE;0.045;0.045;0.065;0.065;0.09;0.09;0.12;0.12;0.12;0.15;0.15;0.15;0.18;0.18;0.18
MFR 04;SV004960;grupo 4 PE;0.045;0.045;0.065;0.065;0.09;0.09;0.12;0.12;0.12;0.15;0.15;0.15;0.18;0.18;0.18
GBR 03;SV001480;grupo 4 PE;0.045;0.045;0.065;0.065;0.09;0.09;0.12;0.12;0.12;0.15;0.15;0.15;0.18;0.18;0.18
GBR 04;SV005431;grupo 4 PE;0.045;0.045;0.065;0.065;0.09;0.09;0.12;0.12;0.12;0.15;0.15;0.15;0.18;0.18;0.18
MFC 02;1282274;grupo 4 PE;0.045;0.045;0.065;0.065;0.09;0.09;0.12;0.12;0.12;0.15;0.15;0.15;0.18;0.18;0.18
MFC 03;1283399;grupo 4 PE;0.045;0.045;0.065;0.065;0.09;0.09;0.12;0.12;0.12;0.15;0.15;0.15;0.18;0.18;0.18
MFC 04;1287764;grupo 4 PE;0.045;0.045;0.065;0.065;0.09;0.09;0.12;0.12;0.12;0.15;0.15;0.15;0.18;0.18;0.18
MFC 05;1282382;grupo 4 PE;0.045;0.045;0.065;0.065;0.09;0.09;0.12;0.12;0.12;0.15;0.15;0.15;0.18;0.18;0.18
MFC 06;1287302;grupo 4 PE;0.045;0.045;0.065;0.065;0.09;0.09;0.12;0.12;0.12;0.15;0.15;0.15;0.18;0.18;0.18
MFC 08;1287522;grupo 4 PE;0.045;0.045;0.065;0.065;0.09;0.09;0.12;0.12;0.12;0.15;0.15;0.15;0.18;0.18;0.18
MFC 09;1257304;grupo 4 PE;0.045;0.045;0.065;0.065;0.09;0.09;0.12;0.12;0.12;0.15;0.15;0.15;0.18;0.18;0.18
HNG 05;13790466;grupo 4 PE;0.045;0.045;0.065;0.065;0.09;0.09;0.12;0.12;0.12;0.15;0.15;0.15;0.18;0.18;0.18
CMR 105;SV021179;grupo 4 PE;0.045;0.045;0.065;0.065;0.09;0.09;0.12;0.12;0.12;0.15;0.15;0.15;0.18;0.18;0.18
HNG 03;13797287;grupo 4 PE;0.045;0.045;0.065;0.065;0.09;0.09;0.12;0.12;0.12;0.15;0.15;0.15;0.18;0.18;0.18
HNG 04;13791419;grupo 4 PE;0.045;0.045;0.065;0.065;0.09;0.09;0.12;0.12;0.12;0.15;0.15;0.15;0.18;0.18;0.18
CMR 113;SN307260;grupo 4 PE;0.045;0.045;0.065;0.065;0.09;0.09;0.12;0.12;0.12;0.15;0.15;0.15;0.18;0.18;0.18
CMR 112;SV021013;grupo 4 PE;0.045;0.045;0.065;0.065;0.09;0.09;0.12;0.12;0.12;0.15;0.15;0.15;0.18;0.18;0.18
CMR 103;SV021011;grupo 4 PE;0.045;0.045;0.065;0.065;0.09;0.09;0.12;0.12;0.12;0.15;0.15;0.15;0.18;0.18;0.18
GBC 01;602549;grupo 4 PE;0.045;0.045;0.065;0.065;0.09;0.09;0.12;0.12;0.12;0.15;0.15;0.15;0.18;0.18;0.18
GBC 02;600841;grupo 4 PE;0.045;0.045;0.065;0.065;0.09;0.09;0.12;0.12;0.12;0.15;0.15;0.15;0.18;0.18;0.18
SJG 01;13996505;grupo 4 PE;0.045;0.045;0.065;0.065;0.09;0.09;0.12;0.12;0.12;0.15;0.15;0.15;0.18;0.18;0.18
BLG 03;13960779;grupo 4 PE;0.045;0.045;0.065;0.065;0.09;0.09;0.12;0.12;0.12;0.15;0.15;0.15;0.18;0.18;0.18
BLG 04;13959976;grupo 4 PE;0.045;0.045;0.065;0.065;0.09;0.09;0.12;0.12;0.12;0.15;0.15;0.15;0.18;0.18;0.18
CLR 06;SN709040;grupo 4 PE;0.045;0.045;0.065;0.065;0.09;0.09;0.12;0.12;0.12;0.15;0.15;0.15;0.18;0.18;0.18
SJG 02;14029354;grupo 4 PE;0.045;0.045;0.065;0.065;0.09;0.09;0.12;0.12;0.12;0.15;0.15;0.15;0.18;0.18;0.18
LMR 04;SN987382;grupo 4 PE;0.045;0.045;0.065;0.065;0.09;0.09;0.12;0.12;0.12;0.15;0.15;0.15;0.18;0.18;0.18
CLR 04;SN773402;grupo 4 PE;0.045;0.045;0.065;0.065;0.09;0.09;0.12;0.12;0.12;0.15;0.15;0.15;0.18;0.18;0.18
SJG 02B;14029425;grupo 4 PE;0.045;0.045;0.065;0.065;0.09;0.09;0.12;0.12;0.12;0.15;0.15;0.15;0.18;0.18;0.18
BLR 01;SN877272;grupo 4 PE;0.045;0.045;0.065;0.065;0.09;0.09;0.12;0.12;0.12;0.15;0.15;0.15;0.18;0.18;0.18
BLR 02;SN435800;grupo 4 PE;0.045;0.045;0.065;0.065;0.09;0.09;0.12;0.12;0.12;0.15;0.15;0.15;0.18;0.18;0.18
BLG 01;13960941;grupo 4 PE;0.045;0.045;0.065;0.065;0.09;0.09;0.12;0.12;0.12;0.15;0.15;0.15;0.18;0.18;0.18
BLR 03;SN971696;grupo 4 PE;0.045;0.045;0.065;0.065;0.09;0.09;0.12;0.12;0.12;0.15;0.15;0.15;0.18;0.18;0.18
CMR 106;SN419861;grupo 4 PE;0.045;0.045;0.065;0.065;0.09;0.09;0.12;0.12;0.12;0.15;0.15;0.15;0.18;0.18;0.18
GSG 03;13987711;grupo 4 PE;0.045;0.045;0.065;0.065;0.09;0.09;0.12;0.12;0.12;0.15;0.15;0.15;0.18;0.18;0.18
TFG 02;13840283;grupo 4 PE;0.045;0.045;0.065;0.065;0.09;0.09;0.12;0.12;0.12;0.15;0.15;0.15;0.18;0.18;0.18
TFR 02;SN924912;grupo 4 PE;0.045;0.045;0.065;0.065;0.09;0.09;0.12;0.12;0.12;0.15;0.15;0.15;0.18;0.18;0.18
GSG 06;13987807;grupo 4 PE;0.045;0.045;0.065;0.065;0.09;0.09;0.12;0.12;0.12;0.15;0.15;0.15;0.18;0.18;0.18
CMR 109;SN442990;grupo 4 PE;0.045;0.045;0.065;0.065;0.09;0.09;0.12;0.12;0.12;0.15;0.15;0.15;0.18;0.18;0.18
CLR 02;SN649806;grupo 4 PE;0.045;0.045;0.065;0.065;0.09;0.09;0.12;0.12;0.12;0.15;0.15;0.15;0.18;0.18;0.18
GSR 01;SN688644;grupo 4 PE;0.045;0.045;0.065;0.065;0.09;0.09;0.12;0.12;0.12;0.15;0.15;0.15;0.18;0.18;0.18
GSR 02;SN227293;grupo 4 PE;0.045;0.045;0.065;0.065;0.09;0.09;0.12;0.12;0.12;0.15;0.15;0.15;0.18;0.18;0.18
GSR 03;SN906221;grupo 4 PE;0.045;0.045;0.065;0.065;0.09;0.09;0.12;0.12;0.12;0.15;0.15;0.15;0.18;0.18;0.18
GSR 04;SN636865;grupo 4 PE;0.045;0.045;0.065;0.065;0.09;0.09;0.12;0.12;0.12;0.15;0.15;0.15;0.18;0.18;0.18
GSR 05;SN883303;grupo 4 PE;0.045;0.045;0.065;0.065;0.09;0.09;0.12;0.12;0.12;0.15;0.15;0.15;0.18;0.18;0.18
GSR 06;SN496256;grupo 4 PE;0.045;0.045;0.065;0.065;0.09;0.09;0.12;0.12;0.12;0.15;0.15;0.15;0.18;0.18;0.18
EVR 01;SN728404;grupo 4 PE;0.045;0.045;0.065;0.065;0.09;0.09;0.12;0.12;0.12;0.15;0.15;0.15;0.18;0.18;0.18
EVR 02;SV017984;grupo 4 PE;0.045;0.045;0.065;0.065;0.09;0.09;0.12;0.12;0.12;0.15;0.15;0.15;0.18;0.18;0.18
EVR 03;SN743961;grupo 4 PE;0.045;0.045;0.065;0.065;0.09;0.09;0.12;0.12;0.12;0.15;0.15;0.15;0.18;0.18;0.18
GSR 07;SN509082;grupo 4 PE;0.045;0.045;0.065;0.065;0.09;0.09;0.12;0.12;0.12;0.15;0.15;0.15;0.18;0.18;0.18
RYR 02;SV172650;grupo 4 PE;0.045;0.045;0.065;0.065;0.09;0.09;0.12;0.12;0.12;0.15;0.15;0.15;0.18;0.18;0.18
RYR 03;SN274390;grupo 4 PE;0.045;0.045;0.065;0.065;0.09;0.09;0.12;0.12;0.12;0.15;0.15;0.15;0.18;0.18;0.18
RYR 01;SN775465;grupo 4 PE;0.045;0.045;0.065;0.065;0.09;0.09;0.12;0.12;0.12;0.15;0.15;0.15;0.18;0.18;0.18
PSG 08;14372543;grupo 4 PE;0.045;0.045;0.065;0.065;0.09;0.09;0.12;0.12;0.12;0.15;0.15;0.15;0.18;0.18;0.18
ENR 01;SV158887;grupo 4 PE;0.045;0.045;0.065;0.065;0.09;0.09;0.12;0.12;0.12;0.15;0.15;0.15;0.18;0.18;0.18
ENR 03;SV158863;grupo 4 PE;0.045;0.045;0.065;0.065;0.09;0.09;0.12;0.12;0.12;0.15;0.15;0.15;0.18;0.18;0.18
CMR 438;SV177334;grupo 4 PE;0.045;0.045;0.065;0.065;0.09;0.09;0.12;0.12;0.12;0.15;0.15;0.15;0.18;0.18;0.18
ENG 01;14436930;grupo 4 PE;0.045;0.045;0.065;0.065;0.09;0.09;0.12;0.12;0.12;0.15;0.15;0.15;0.18;0.18;0.18
ENG 02;14436989;grupo 4 PE;0.045;0.045;0.065;0.065;0.09;0.09;0.12;0.12;0.12;0.15;0.15;0.15;0.18;0.18;0.18
ENG 04;14443608;grupo 4 PE;0.045;0.045;0.065;0.065;0.09;0.09;0.12;0.12;0.12;0.15;0.15;0.15;0.18;0.18;0.18
ENR 07;SN103438;grupo 4 PE;0.045;0.045;0.065;0.065;0.09;0.09;0.12;0.12;0.12;0.15;0.15;0.15;0.18;0.18;0.18
ENR 08;SV160037;grupo 4 PE;0.045;0.045;0.065;0.065;0.09;0.09;0.12;0.12;0.12;0.15;0.15;0.15;0.18;0.18;0.18
DMG 01;14449676;grupo 4 PE;0.045;0.045;0.065;0.065;0.09;0.09;0.12;0.12;0.12;0.15;0.15;0.15;0.18;0.18;0.18
DMG 02;14449668;grupo 4 PE;0.045;0.045;0.065;0.065;0.09;0.09;0.12;0.12;0.12;0.15;0.15;0.15;0.18;0.18;0.18
DMG 04;14449664;grupo 4 PE;0.045;0.045;0.065;0.065;0.09;0.09;0.12;0.12;0.12;0.15;0.15;0.15;0.18;0.18;0.18
DMG 05;14449671;grupo 4 PE;0.045;0.045;0.065;0.065;0.09;0.09;0.12;0.12;0.12;0.15;0.15;0.15;0.18;0.18;0.18
SZG 01;14453308;grupo 4 PE;0.045;0.045;0.065;0.065;0.09;0.09;0.12;0.12;0.12;0.15;0.15;0.15;0.18;0.18;0.18
ENC 02;577808;grupo 4 PE;0.045;0.045;0.065;0.065;0.09;0.09;0.12;0.12;0.12;0.15;0.15;0.15;0.18;0.18;0.18
NWG 01;14487890;grupo 4 PE;0.045;0.045;0.065;0.065;0.09;0.09;0.12;0.12;0.12;0.15;0.15;0.15;0.18;0.18;0.18
NWG 02;14487214;grupo 4 PE;0.045;0.045;0.065;0.065;0.09;0.09;0.12;0.12;0.12;0.15;0.15;0.15;0.18;0.18;0.18
NWG 03;14487235;grupo 4 PE;0.045;0.045;0.065;0.065;0.09;0.09;0.12;0.12;0.12;0.15;0.15;0.15;0.18;0.18;0.18
SZG 02;14472181;grupo 4 PE;0.045;0.045;0.065;0.065;0.09;0.09;0.12;0.12;0.12;0.15;0.15;0.15;0.18;0.18;0.18
DMG 06;14490472;grupo 4 PE;0.045;0.045;0.065;0.065;0.09;0.09;0.12;0.12;0.12;0.15;0.15;0.15;0.18;0.18;0.18
DMG 07;14490511;grupo 4 PE;0.045;0.045;0.065;0.065;0.09;0.09;0.12;0.12;0.12;0.15;0.15;0.15;0.18;0.18;0.18
DMG 08;14490450;grupo 4 PE;0.045;0.045;0.065;0.065;0.09;0.09;0.12;0.12;0.12;0.15;0.15;0.15;0.18;0.18;0.18
DMG 09;14490490;grupo 4 PE;0.045;0.045;0.065;0.065;0.09;0.09;0.12;0.12;0.12;0.15;0.15;0.15;0.18;0.18;0.18
DMG 10;14490531;grupo 4 PE;0.045;0.045;0.065;0.065;0.09;0.09;0.12;0.12;0.12;0.15;0.15;0.15;0.18;0.18;0.18
TFR 05;SN991599;grupo 4 PE;0.045;0.045;0.065;0.065;0.09;0.09;0.12;0.12;0.12;0.15;0.15;0.15;0.18;0.18;0.18
TFR 06;SN818507;grupo 4 PE;0.045;0.045;0.065;0.065;0.09;0.09;0.12;0.12;0.12;0.15;0.15;0.15;0.18;0.18;0.18
TFR 07;SN018437;grupo 4 PE;0.045;0.045;0.065;0.065;0.09;0.09;0.12;0.12;0.12;0.15;0.15;0.15;0.18;0.18;0.18
TFR 08;SN009992;grupo 4 PE;0.045;0.045;0.065;0.065;0.09;0.09;0.12;0.12;0.12;0.15;0.15;0.15;0.18;0.18;0.18
OLG 01;14497665;grupo 4 PE;0.045;0.045;0.065;0.065;0.09;0.09;0.12;0.12;0.12;0.15;0.15;0.15;0.18;0.18;0.18
OLG 02;14497634;grupo 4 PE;0.045;0.045;0.065;0.065;0.09;0.09;0.12;0.12;0.12;0.15;0.15;0.15;0.18;0.18;0.18
OLG 03;14497679;grupo 4 PE;0.045;0.045;0.065;0.065;0.09;0.09;0.12;0.12;0.12;0.15;0.15;0.15;0.18;0.18;0.18
OLG 05;14497613;grupo 4 PE;0.045;0.045;0.065;0.065;0.09;0.09;0.12;0.12;0.12;0.15;0.15;0.15;0.18;0.18;0.18
SZR 01;SD007666;grupo 4 PE;0.045;0.045;0.065;0.065;0.09;0.09;0.12;0.12;0.12;0.15;0.15;0.15;0.18;0.18;0.18
SZR 02;SD094973;grupo 4 PE;0.045;0.045;0.065;0.065;0.09;0.09;0.12;0.12;0.12;0.15;0.15;0.15;0.18;0.18;0.18
SZR 03;SD068546;grupo 4 PE;0.045;0.045;0.065;0.065;0.09;0.09;0.12;0.12;0.12;0.15;0.15;0.15;0.18;0.18;0.18
SZR 04;SD093705;grupo 4 PE;0.045;0.045;0.065;0.065;0.09;0.09;0.12;0.12;0.12;0.15;0.15;0.15;0.18;0.18;0.18
SZR 05;SD012506;grupo 4 PE;0.045;0.045;0.065;0.065;0.09;0.09;0.12;0.12;0.12;0.15;0.15;0.15;0.18;0.18;0.18
EVG 05;14495422;grupo 4 PE;0.045;0.045;0.065;0.065;0.09;0.09;0.12;0.12;0.12;0.15;0.15;0.15;0.18;0.18;0.18
EVG 03;14495398;grupo 4 PE;0.045;0.045;0.065;0.065;0.09;0.09;0.12;0.12;0.12;0.15;0.15;0.15;0.18;0.18;0.18
DAG 01;14526092;grupo 4 PE;0.045;0.045;0.065;0.065;0.09;0.09;0.12;0.12;0.12;0.15;0.15;0.15;0.18;0.18;0.18
DAG 02;14526056;grupo 4 PE;0.045;0.045;0.065;0.065;0.09;0.09;0.12;0.12;0.12;0.15;0.15;0.15;0.18;0.18;0.18
DAG 03;14526037;grupo 4 PE;0.045;0.045;0.065;0.065;0.09;0.09;0.12;0.12;0.12;0.15;0.15;0.15;0.18;0.18;0.18
LTR 01;SN320718;grupo 4 PE;0.045;0.045;0.065;0.065;0.09;0.09;0.12;0.12;0.12;0.15;0.15;0.15;0.18;0.18;0.18
LTR 04;SN132181;grupo 4 PE;0.045;0.045;0.065;0.065;0.09;0.09;0.12;0.12;0.12;0.15;0.15;0.15;0.18;0.18;0.18
LTR 02;SN402845;grupo 4 PE;0.045;0.045;0.065;0.065;0.09;0.09;0.12;0.12;0.12;0.15;0.15;0.15;0.18;0.18;0.18
LTR 03;SN622007;grupo 4 PE;0.045;0.045;0.065;0.065;0.09;0.09;0.12;0.12;0.12;0.15;0.15;0.15;0.18;0.18;0.18
DAG 05;14526071;grupo 4 PE;0.045;0.045;0.065;0.065;0.09;0.09;0.12;0.12;0.12;0.15;0.15;0.15;0.18;0.18;0.18
PHC 02;1351427;grupo 4 PE;0.045;0.045;0.065;0.065;0.09;0.09;0.12;0.12;0.12;0.15;0.15;0.15;0.18;0.18;0.18
HNR 08;SV216281;grupo 4 PE;0.045;0.045;0.065;0.065;0.09;0.09;0.12;0.12;0.12;0.15;0.15;0.15;0.18;0.18;0.18
HNR 09;SV216588;grupo 4 PE;0.045;0.045;0.065;0.065;0.09;0.09;0.12;0.12;0.12;0.15;0.15;0.15;0.18;0.18;0.18
LTR 05;SN785504;grupo 4 PE;0.045;0.045;0.065;0.065;0.09;0.09;0.12;0.12;0.12;0.15;0.15;0.15;0.18;0.18;0.18
LTR 06;SN757224;grupo 4 PE;0.045;0.045;0.065;0.065;0.09;0.09;0.12;0.12;0.12;0.15;0.15;0.15;0.18;0.18;0.18
LTR 07;SN720188;grupo 4 PE;0.045;0.045;0.065;0.065;0.09;0.09;0.12;0.12;0.12;0.15;0.15;0.15;0.18;0.18;0.18
APG 01;14719154;grupo 4 PE;0.045;0.045;0.065;0.065;0.09;0.09;0.12;0.12;0.12;0.15;0.15;0.15;0.18;0.18;0.18
APG 02;14719171;grupo 4 PE;0.045;0.045;0.065;0.065;0.09;0.09;0.12;0.12;0.12;0.15;0.15;0.15;0.18;0.18;0.18
APG 03;14719132;grupo 4 PE;0.045;0.045;0.065;0.065;0.09;0.09;0.12;0.12;0.12;0.15;0.15;0.15;0.18;0.18;0.18
DMG 11;14791887;grupo 4 PE;0.045;0.045;0.065;0.065;0.09;0.09;0.12;0.12;0.12;0.15;0.15;0.15;0.18;0.18;0.18
MAG 01;14771611;grupo 4 PE;0.045;0.045;0.065;0.065;0.09;0.09;0.12;0.12;0.12;0.15;0.15;0.15;0.18;0.18;0.18
MAG 02;14771627;grupo 4 PE;0.045;0.045;0.065;0.065;0.09;0.09;0.12;0.12;0.12;0.15;0.15;0.15;0.18;0.18;0.18
MAG 03;14771595;grupo 4 PE;0.045;0.045;0.065;0.065;0.09;0.09;0.12;0.12;0.12;0.15;0.15;0.15;0.18;0.18;0.18
MAG 04;14771605;grupo 4 PE;0.045;0.045;0.065;0.065;0.09;0.09;0.12;0.12;0.12;0.15;0.15;0.15;0.18;0.18;0.18
MAG 05;14771622;grupo 4 PE;0.045;0.045;0.065;0.065;0.09;0.09;0.12;0.12;0.12;0.15;0.15;0.15;0.18;0.18;0.18
APG 04;14719111;grupo 4 PE;0.045;0.045;0.065;0.065;0.09;0.09;0.12;0.12;0.12;0.15;0.15;0.15;0.18;0.18;0.18
CJR 03;SD080076;grupo 4 PE;0.045;0.045;0.065;0.065;0.09;0.09;0.12;0.12;0.12;0.15;0.15;0.15;0.18;0.18;0.18
CJR 04;SD006479;grupo 4 PE;0.045;0.045;0.065;0.065;0.09;0.09;0.12;0.12;0.12;0.15;0.15;0.15;0.18;0.18;0.18
LER 03;SD120497;grupo 4 PE;0.045;0.045;0.065;0.065;0.09;0.09;0.12;0.12;0.12;0.15;0.15;0.15;0.18;0.18;0.18
LER 04;SD147503;grupo 4 PE;0.045;0.045;0.065;0.065;0.09;0.09;0.12;0.12;0.12;0.15;0.15;0.15;0.18;0.18;0.18
KBR 01;SN487701;grupo 4 PE;0.045;0.045;0.065;0.065;0.09;0.09;0.12;0.12;0.12;0.15;0.15;0.15;0.18;0.18;0.18
KBR 02;SV212831;grupo 4 PE;0.045;0.045;0.065;0.065;0.09;0.09;0.12;0.12;0.12;0.15;0.15;0.15;0.18;0.18;0.18
KBR 03;SN511322;grupo 4 PE;0.045;0.045;0.065;0.065;0.09;0.09;0.12;0.12;0.12;0.15;0.15;0.15;0.18;0.18;0.18
CMR 500;SV228479;grupo 4 PE;0.045;0.045;0.065;0.065;0.09;0.09;0.12;0.12;0.12;0.15;0.15;0.15;0.18;0.18;0.18
KBR 04;SN387869;grupo 4 PE;0.045;0.045;0.065;0.065;0.09;0.09;0.12;0.12;0.12;0.15;0.15;0.15;0.18;0.18;0.18
SDR 01;SN166020;grupo 4 PE;0.045;0.045;0.065;0.065;0.09;0.09;0.12;0.12;0.12;0.15;0.15;0.15;0.18;0.18;0.18
APR 01;SV238939;grupo 4 PE;0.045;0.045;0.065;0.065;0.09;0.09;0.12;0.12;0.12;0.15;0.15;0.15;0.18;0.18;0.18
SDG 01;14844134;grupo 4 PE;0.045;0.045;0.065;0.065;0.09;0.09;0.12;0.12;0.12;0.15;0.15;0.15;0.18;0.18;0.18
FCR 01;SN238648;grupo 4 PE;0.045;0.045;0.065;0.065;0.09;0.09;0.12;0.12;0.12;0.15;0.15;0.15;0.18;0.18;0.18
APR 02;SD035565;grupo 4 PE;0.045;0.045;0.065;0.065;0.09;0.09;0.12;0.12;0.12;0.15;0.15;0.15;0.18;0.18;0.18
APR 03;SD211997;grupo 4 PE;0.045;0.045;0.065;0.065;0.09;0.09;0.12;0.12;0.12;0.15;0.15;0.15;0.18;0.18;0.18
APR 04;SD152658;grupo 4 PE;0.045;0.045;0.065;0.065;0.09;0.09;0.12;0.12;0.12;0.15;0.15;0.15;0.18;0.18;0.18
MXR 01;SN214340;grupo 4 PE;0.045;0.045;0.065;0.065;0.09;0.09;0.12;0.12;0.12;0.15;0.15;0.15;0.18;0.18;0.18
CER 03;SV001764;grupo 4 PE;0.045;0.045;0.065;0.065;0.09;0.09;0.12;0.12;0.12;0.15;0.15;0.15;0.18;0.18;0.18
UAG 01;11321096;grupo 4 PE (2);;;;;;;;;;;;;;;
UAR 21;FC917485;grupo 5 BA;0.05;0.05;0.08;0.08;0.09;0.1;0.13;0.13;0.13;0.16;0.16;0.16;0.16;0.18;0.18
UAR 22;FC915042;grupo 5 BA;0.05;0.05;0.08;0.08;0.09;0.1;0.13;0.13;0.13;0.16;0.16;0.16;0.16;0.18;0.18
JEC 03;394909;grupo 5 BA;0.05;0.05;0.08;0.08;0.09;0.1;0.13;0.13;0.13;0.16;0.16;0.16;0.16;0.18;0.18
GTG 03;12588165;grupo 5 BA;0.05;0.05;0.08;0.08;0.09;0.1;0.13;0.13;0.13;0.16;0.16;0.16;0.16;0.18;0.18
ALG 09;12742437;grupo 5 BA;0.05;0.05;0.08;0.08;0.09;0.1;0.13;0.13;0.13;0.16;0.16;0.16;0.16;0.18;0.18
RNC 08;288214;grupo 5 BA;0.05;0.05;0.08;0.08;0.09;0.1;0.13;0.13;0.13;0.16;0.16;0.16;0.16;0.18;0.18
RNC 10;294829;grupo 5 BA;0.05;0.05;0.08;0.08;0.09;0.1;0.13;0.13;0.13;0.16;0.16;0.16;0.16;0.18;0.18
HNR 07;SN457632;grupo 5 BA;0.05;0.05;0.08;0.08;0.09;0.1;0.13;0.13;0.13;0.16;0.16;0.16;0.16;0.18;0.18
GBC 03;728180;grupo 5 BA;0.05;0.05;0.08;0.08;0.09;0.1;0.13;0.13;0.13;0.16;0.16;0.16;0.16;0.18;0.18
OLG 04;14497646;grupo 5 BA;0.05;0.05;0.08;0.08;0.09;0.1;0.13;0.13;0.13;0.16;0.16;0.16;0.16;0.18;0.18
JCR 01;SD119662;grupo 6 SE;0.03;0.03;0.06;0.06;0.07;0.08;0.09;0.09;0.09;0.1;0.12;0.13;0.13;0.14;0.14
JCR 02;SD033004;grupo 6 SE;0.03;0.03;0.06;0.06;0.07;0.08;0.09;0.09;0.09;0.1;0.12;0.13;0.13;0.14;0.14
LER 01;SD120825;grupo 6 SE;0.03;0.03;0.06;0.06;0.07;0.08;0.09;0.09;0.09;0.1;0.12;0.13;0.13;0.14;0.14
LER 02;SD105231;grupo 6 SE;0.03;0.03;0.06;0.06;0.07;0.08;0.09;0.09;0.09;0.1;0.12;0.13;0.13;0.14;0.14
JCG 01;14849032;grupo 6 SE;0.03;0.03;0.06;0.06;0.07;0.08;0.09;0.09;0.09;0.1;0.12;0.13;0.13;0.14;0.14
DCG 01;14945308;grupo 6 SE;0.03;0.03;0.06;0.06;0.07;0.08;0.09;0.09;0.09;0.1;0.12;0.13;0.13;0.14;0.14
ASG 01;14945261;grupo 6 SE;0.03;0.03;0.06;0.06;0.07;0.08;0.09;0.09;0.09;0.1;0.12;0.13;0.13;0.14;0.14
UAC 01;418936;grupo BA (2);0.05;0.05;0.08;0.08;0.09;0.1;0.13;0.13;0.13;0.16;0.16;0.16;0.16;0.18;0.18
UAC 03;418278;grupo BA (2);0.05;0.05;0.08;0.08;0.09;0.1;0.13;0.13;0.13;0.16;0.16;0.16;0.16;0.18;0.18
UAC 04;417311;grupo BA (2);0.05;0.05;0.08;0.08;0.09;0.1;0.13;0.13;0.13;0.16;0.16;0.16;0.16;0.18;0.18
UAC 05;417937;grupo BA (2);0.05;0.05;0.08;0.08;0.09;0.1;0.13;0.13;0.13;0.16;0.16;0.16;0.16;0.18;0.18
UAC 06;426115;grupo BA (2);0.05;0.05;0.08;0.08;0.09;0.1;0.13;0.13;0.13;0.16;0.16;0.16;0.16;0.18;0.18
UAC 07;425338;grupo BA (2);0.05;0.05;0.08;0.08;0.09;0.1;0.13;0.13;0.13;0.16;0.16;0.16;0.16;0.18;0.18
UAC 08;425104;grupo BA (2);0.05;0.05;0.08;0.08;0.09;0.1;0.13;0.13;0.13;0.16;0.16;0.16;0.16;0.18;0.18
UAC 09;424729;grupo BA (2);0.05;0.05;0.08;0.08;0.09;0.1;0.13;0.13;0.13;0.16;0.16;0.16;0.16;0.18;0.18
UAC 10;424443;grupo BA (2);0.05;0.05;0.08;0.08;0.09;0.1;0.13;0.13;0.13;0.16;0.16;0.16;0.16;0.18;0.18
UAC 16;424155;grupo BA (2);0.05;0.05;0.08;0.08;0.09;0.1;0.13;0.13;0.13;0.16;0.16;0.16;0.16;0.18;0.18
ALC 03;698877;grupo BA (2);0.05;0.05;0.08;0.08;0.09;0.1;0.13;0.13;0.13;0.16;0.16;0.16;0.16;0.18;0.18
ALC 04;698915;grupo BA (2);0.05;0.05;0.08;0.08;0.09;0.1;0.13;0.13;0.13;0.16;0.16;0.16;0.16;0.18;0.18
ALC 05;698498;grupo BA (2);0.05;0.05;0.08;0.08;0.09;0.1;0.13;0.13;0.13;0.16;0.16;0.16;0.16;0.18;0.18
ALC 06;692430;grupo BA (2);0.05;0.05;0.08;0.08;0.09;0.1;0.13;0.13;0.13;0.16;0.16;0.16;0.16;0.18;0.18
FTC 08;349847;grupo BA (2);0.05;0.05;0.08;0.08;0.09;0.1;0.13;0.13;0.13;0.16;0.16;0.16;0.16;0.18;0.18
RDC 01;87491;grupo BA (2);0.05;0.05;0.08;0.08;0.09;0.1;0.13;0.13;0.13;0.16;0.16;0.16;0.16;0.18;0.18
RDC 02;86481;grupo BA (2);0.05;0.05;0.08;0.08;0.09;0.1;0.13;0.13;0.13;0.16;0.16;0.16;0.16;0.18;0.18
RDC 05;86361;grupo BA (2);0.05;0.05;0.08;0.08;0.09;0.1;0.13;0.13;0.13;0.16;0.16;0.16;0.16;0.18;0.18
PSG 02;14372502;grupo BA (2);0.05;0.05;0.08;0.08;0.09;0.1;0.13;0.13;0.13;0.16;0.16;0.16;0.16;0.18;0.18
PSG 01;14372557;grupo BA (2);0.045;0.045;0.065;0.065;0.09;0.09;0.12;0.12;0.12;0.15;0.15;0.15;0.18;0.18;0.18
RYR 04;SN120003;grupo BA (2);0.045;0.045;0.065;0.065;0.09;0.09;0.12;0.12;0.12;0.15;0.15;0.15;0.18;0.18;0.18
EVG 02;14495363;fortaleza;0.045;0.045;0.065;0.065;0.09;0.09;0.12;0.12;0.12;0.15;0.15;0.15;0.18;0.18;0.18
EVG 01;14495516;fortaleza;0.045;0.045;0.065;0.065;0.09;0.09;0.12;0.12;0.12;0.15;0.15;0.15;0.18;0.18;0.18
JCR 03;SD189802;fortaleza;0.045;0.045;0.065;0.065;0.09;0.09;0.12;0.12;0.12;0.15;0.15;0.15;0.18;0.18;0.18
JCR 04;SD023604;fortaleza;0.045;0.045;0.065;0.065;0.09;0.09;0.12;0.12;0.12;0.15;0.15;0.15;0.18;0.18;0.18
LEG 02;14827477;fortaleza;0.045;0.045;0.065;0.065;0.09;0.09;0.12;0.12;0.12;0.15;0.15;0.15;0.18;0.18;0.18
SDR 02;SD084407;fortaleza;0.045;0.045;0.065;0.065;0.09;0.09;0.12;0.12;0.12;0.15;0.15;0.15;0.18;0.18;0.18
SDR 03;SD228640;fortaleza;0.045;0.045;0.065;0.065;0.09;0.09;0.12;0.12;0.12;0.15;0.15;0.15;0.18;0.18;0.18
LAR 01;SV190913;fortaleza;0.045;0.045;0.065;0.065;0.09;0.09;0.12;0.12;0.12;0.15;0.15;0.15;0.18;0.18;0.18
CER 01;SV187038;fortaleza;0.045;0.045;0.065;0.065;0.09;0.09;0.12;0.12;0.12;0.15;0.15;0.15;0.18;0.18;0.18
UAG 13;11320804;grupo hui;;;;;;;;;;;;;;;
UAG 14;11321112;grupo hui;;;;;;;;;;;;;;;
EDG 11;11647990;grupo hui;;;;;;;;;;;;;;;
SVG 05;12533130;grupo hui;;;;;;;;;;;;;;;
DSC 08;1669958;grupo hui;;;;;;;;;;;;;;;
LMR 05;SN103393;grupo hui;;;;;;;;;;;;;;;
SZG 04;14472255;grupo hui;;;;;;;;;;;;;;;
UAC 18;423047;grupo novo;;;;;;;;;;;;;;;
CMG 10;11252757;grupo SP (2);;;;;;;;;;;;;;;
CMG 11;11252779;grupo SP (2);;;;;;;;;;;;;;;
CMG 12;11252788;grupo SP (2);;;;;;;;;;;;;;;
CMG 13;11252797;grupo SP (2);;;;;;;;;;;;;;;
UAG 04;11320829;grupo SP (2);;;;;;;;;;;;;;;
UAG 05;11320746;grupo SP (2);;;;;;;;;;;;;;;
UAG 06;11244085;grupo SP (2);;;;;;;;;;;;;;;
UAR 23;FC259687;grupo SP (2);;;;;;;;;;;;;;;
UAR 24;FC201734;grupo SP (2);;;;;;;;;;;;;;;
CMC 02;1657946;grupo SP (2);;;;;;;;;;;;;;;
CMC 04;1657945;grupo SP (2);;;;;;;;;;;;;;;
UAC 17;423100;grupo SP (2);;;;;;;;;;;;;;;
EDG 14;11648068;grupo SP (2);;;;;;;;;;;;;;;
EDG 15;11648018;grupo SP (2);;;;;;;;;;;;;;;
EDC 19;1375215;grupo SP (2);;;;;;;;;;;;;;;
EDC 20;1375532;grupo SP (2);;;;;;;;;;;;;;;
EDC 21;1374664;grupo SP (2);;;;;;;;;;;;;;;
EDC 22;1372121;grupo SP (2);;;;;;;;;;;;;;;
FXC 10;734975;grupo SP (2);;;;;;;;;;;;;;;
AZG 03;12114185;grupo SP (2);;;;;;;;;;;;;;;
AZC 01;1435054;grupo SP (2);;;;;;;;;;;;;;;
AZC 02;1434633;grupo SP (2);;;;;;;;;;;;;;;
GTC 01;446696;grupo SP (2);;;;;;;;;;;;;;;
GTC 02;446403;grupo SP (2);;;;;;;;;;;;;;;
GTC 03;1294689;grupo SP (2);;;;;;;;;;;;;;;
MTC 01;665630;grupo SP (2);;;;;;;;;;;;;;;
MTC 10;663435;grupo SP (2);;;;;;;;;;;;;;;
AZG 11;12346063;grupo SP (2);;;;;;;;;;;;;;;
AZG 12;12346079;grupo SP (2);;;;;;;;;;;;;;;
AZG 13;12346104;grupo SP (2);;;;;;;;;;;;;;;
AZG 14;12346124;grupo SP (2);;;;;;;;;;;;;;;
FXG 05;12452279;grupo SP (2);;;;;;;;;;;;;;;
JEC 09;399254;grupo SP (2);;;;;;;;;;;;;;;
MTG 01;12302758;grupo SP (2);;;;;;;;;;;;;;;
SVG 06;12742647;grupo SP (2);;;;;;;;;;;;;;;
ALC 10;1726458;grupo SP (2);;;;;;;;;;;;;;;
ALC 12;1726454;grupo SP (2);;;;;;;;;;;;;;;
AZR 02;SN053763;grupo SP (2);;;;;;;;;;;;;;;
DSR 01 - BO;SN113105;grupo SP (2);;;;;;;;;;;;;;;
ATR 01;SN462553;grupo SP (2);;;;;;;;;;;;;;;
ATR 04;SN462778;grupo SP (2);;;;;;;;;;;;;;;
RDR 02;SN591879;grupo SP (2);;;;;;;;;;;;;;;
FTC 06;905002;grupo SP (2);;;;;;;;;;;;;;;
RNG 04;13257774;grupo SP (2);;;;;;;;;;;;;;;
RNG 05;13270210;grupo SP (2);;;;;;;;;;;;;;;
RNG 06;13270249;grupo SP (2);;;;;;;;;;;;;;;
RNC 04;253176;grupo SP (2);;;;;;;;;;;;;;;
CMG 06;11221121;grupo SP 25;;;;;;;;;;;;;;;
CMR 03;CW639361;grupo SP 25;;;;;;;;;;;;;;;
CMR 07;CW222621;grupo SP 25;;;;;;;;;;;;;;;
CMR 12;FC910390;grupo SP 25;;;;;;;;;;;;;;;
CMR 15;FC203801;grupo SP 25;;;;;;;;;;;;;;;
CMR 18;FC909609;grupo SP 25;;;;;;;;;;;;;;;
CMR 31;FC920225;grupo SP 25;;;;;;;;;;;;;;;
CMC 01;1547070;grupo SP 25;;;;;;;;;;;;;;;
CMR 37;FC218162;grupo SP 25;;;;;;;;;;;;;;;
CMR 38;FC899607;grupo SP 25;;;;;;;;;;;;;;;
CMR 40;FC907911;grupo SP 25;;;;;;;;;;;;;;;
CMC 03;1657944;grupo SP 25;;;;;;;;;;;;;;;
CMC 05;1657947;grupo SP 25;;;;;;;;;;;;;;;
UAC 11;416464;grupo SP 25;;;;;;;;;;;;;;;
UAC 12;416614;grupo SP 25;;;;;;;;;;;;;;;
UAC 13;416673;grupo SP 25;;;;;;;;;;;;;;;
UAC 14;417305;grupo SP 25;;;;;;;;;;;;;;;
UAR 26;FC226243;grupo SP 25;;;;;;;;;;;;;;;
UAC 19;419500;grupo SP 25;;;;;;;;;;;;;;;
EDG 01;11624495;grupo SP 25;;;;;;;;;;;;;;;
EDG 02;11624494;grupo SP 25;;;;;;;;;;;;;;;
EDG 03;11624514;grupo SP 25;;;;;;;;;;;;;;;
EDG 04;11624644;grupo SP 25;;;;;;;;;;;;;;;
EDG 05;11624513;grupo SP 25;;;;;;;;;;;;;;;
EDG 06;11647834;grupo SP 25;;;;;;;;;;;;;;;
EDG 07;11648049;grupo SP 25;;;;;;;;;;;;;;;
EDG 08;11647854;grupo SP 25;;;;;;;;;;;;;;;
EDG 09;11648069;grupo SP 25;;;;;;;;;;;;;;;
EDG 10;11648048;grupo SP 25;;;;;;;;;;;;;;;
EDC 02;1374532;grupo SP 25;;;;;;;;;;;;;;;
EDC 03;1374068;grupo SP 25;;;;;;;;;;;;;;;
EDC 04;1370614;grupo SP 25;;;;;;;;;;;;;;;
EDC 05;1367127;grupo SP 25;;;;;;;;;;;;;;;
EDC 23;1372316;grupo SP 25;;;;;;;;;;;;;;;
EDC 24;1366687;grupo SP 25;;;;;;;;;;;;;;;
EDC 25;1371678;grupo SP 25;;;;;;;;;;;;;;;
EDC 26;1367474;grupo SP 25;;;;;;;;;;;;;;;
EDC 27;1367625;grupo SP 25;;;;;;;;;;;;;;;
EDC 28;1367363;grupo SP 25;;;;;;;;;;;;;;;
EDC 29;1374631;grupo SP 25;;;;;;;;;;;;;;;
EDC 30;1365567;grupo SP 25;;;;;;;;;;;;;;;
UAR 28;FC889061;grupo SP 25;;;;;;;;;;;;;;;
FIX 08;443979;grupo SP 25;;;;;;;;;;;;;;;
FIX 09;444612;grupo SP 25;;;;;;;;;;;;;;;
FXC 17;733647;grupo SP 25;;;;;;;;;;;;;;;
FXC 16;734785;grupo SP 25;;;;;;;;;;;;;;;
FXC 18;735223;grupo SP 25;;;;;;;;;;;;;;;
AZG 05;12114218;grupo SP 25;;;;;;;;;;;;;;;
AZG 06;12114158;grupo SP 25;;;;;;;;;;;;;;;
AZG 08;12114327;grupo SP 25;;;;;;;;;;;;;;;
AZG 09;12114270;grupo SP 25;;;;;;;;;;;;;;;
AZG 10;12346166;grupo SP 25;;;;;;;;;;;;;;;
FXG 01;12451886;grupo SP 25;;;;;;;;;;;;;;;
FXG 03;12451903;grupo SP 25;;;;;;;;;;;;;;;
FXG 04;12148960;grupo SP 25;;;;;;;;;;;;;;;
FXG 06;12452239;grupo SP 25;;;;;;;;;;;;;;;
FXG 07;12451958;grupo SP 25;;;;;;;;;;;;;;;
UAC 20;416193;julia;;;;;;;;;;;;;;;
ALG 01;12532829;julia;;;;;;;;;;;;;;;
DSG 03;12774932;julia;;;;;;;;;;;;;;;
STR 01;SN032365;julia;;;;;;;;;;;;;;;
FTC 07;339845;julia;;;;;;;;;;;;;;;
RDG 04;13491122;julia;;;;;;;;;;;;;;;
CLR 03;SN978197;julia;;;;;;;;;;;;;;;
EVG 04;14495344;julia;0.035;0.035;0.055;0.055;0.08;0.08;0.11;0.11;0.11;0.11;0.11;0.11;0.12;0.12;0.12
CMR 443;SN206216;julia;0.035;0.035;0.055;0.055;0.08;0.08;0.11;0.11;0.11;0.11;0.11;0.11;0.12;0.12;0.12
MP 01;1070196;loja jing;;;;;;;;;;;;;;;
CMR 32;FC045280;loja tia;;;;;;;;;;;;;;;
AZR 03;SN050281;loja tia;;;;;;;;;;;;;;;
FZG 01;12774881;lu;;;;;;;;;;;;;;;
FTC 02;99244;lu;;;;;;;;;;;;;;;
GBC 04;1420048;madrugada (yang);;;;;;;;;;;;;;;
NWG 04;14490162;madrugada (yang);0.04;0.04;0.05;0.05;0.06;0.07;0.08;0.09;0.10;0.11;0.12;0.13;0.13;0.13;0.13
TFG 05;13844006;madrugada (yang);0.04;0.04;0.05;0.05;0.06;0.07;0.08;0.09;0.10;0.11;0.12;0.13;0.13;0.13;0.13
SZG 05;14472228;madrugada (yang);;;;;;;;;;;;;;;
FZG 04;12774883;madrugada(yang);;;;;;;;;;;;;;;
CMG 09;11254184;tang palace;;;;;;;;;;;;;;;
ENG 07;14437029;YaoYao;;;;;;;;;;;;;;;
LEG 01;14845212;YaoYao;0.03;0.03;0.06;0.06;0.07;0.08;0.09;0.09;0.09;0.11;0.12;0.13;0.13;0.14;0.14
LAR 02;SV876443;PA;0.03;0.03;0.06;0.06;0.07;0.08;0.09;0.09;0.09;0.11;0.12;0.13;0.13;0.14;0.14
CER 04;SV229065;Hong;0.045;0.045;0.065;0.065;0.09;0.09;0.12;0.12;0.12;0.15;0.15;0.15;0.18;0.18;0.18
CEG 01;15014553;julia;0.035;0.035;0.055;0.055;0.08;0.08;0.11;0.11;0.11;0.11;0.11;0.11;0.12;0.12;0.12
CEG 02;15014547;hui;0.035;0.035;0.065;0.065;0.075;0.085;0.12;0.12;0.12;;;;;;
CEG 03;15014535;madrugada (yang);0.04;0.04;0.05;0.05;0.06;0.07;0.08;0.09;0.10;0.11;0.12;0.13;0.13;0.13;0.13
CEG 04;15014571;madrugada (yang);0.04;0.04;0.05;0.05;0.06;0.07;0.08;0.09;0.10;0.11;0.12;0.13;0.13;0.13;0.13